RUN,DPCOEF,POROS,MMP,SOINIT,SWINIT,XKVH,SORW,SORG,SORM,SGR,SSR,SWC,SWIR,KWRO,KRSMAX,W
1,0.88,0.115,1623.0,0.595,0.405,0.07,0.404,0.335,0.06,0.017,0.017,0.145,0.145,0.287,0.126,0.424
2,0.52,0.098,1318.0,0.502,0.498,0.06,0.25,0.345,0.088,0.066,0.066,0.114,0.114,0.21,0.562,0.684
3,0.87,0.12,1643.0,0.57,0.43,0.1,0.345,0.252,0.065,0.073,0.073,0.116,0.116,0.176,0.257,0.667
4,0.55,0.105,1866.0,0.524,0.476,0.08,0.271,0.273,0.043,0.098,0.098,0.149,0.149,0.269,0.134,0.582
5,0.64,0.109,1358.0,0.557,0.443,0.05,0.284,0.227,0.057,0.051,0.051,0.146,0.146,0.14,0.4,0.267
6,0.85,0.102,1416.0,0.567,0.433,0.08,0.277,0.283,0.037,0.076,0.076,0.054,0.054,0.231,0.369,0.361
7,0.46,0.098,1562.0,0.439,0.561,0.05,0.491,0.169,0.051,0.038,0.038,0.105,0.105,0.34,0.563,0.479
8,0.93,0.103,1580.0,0.581,0.419,0.02,0.279,0.205,0.052,0.015,0.015,0.13,0.13,0.452,0.227,0.464
9,0.64,0.094,1748.0,0.433,0.567,0.02,0.491,0.233,0.045,0.006,0.006,0.113,0.113,0.371,0.42,0.455
10,0.74,0.102,1590.0,0.431,0.569,0.08,0.39,0.273,0.074,0.057,0.057,0.112,0.112,0.142,0.445,0.331
11,0.38,0.104,1605.0,0.458,0.542,0.06,0.393,0.211,0.061,0.089,0.089,0.132,0.132,0.388,0.41,0.364
12,0.37,0.103,1712.0,0.549,0.451,0.02,0.368,0.268,0.077,0.039,0.039,0.134,0.134,0.488,0.215,0.567
13,0.59,0.111,1818.0,0.439,0.561,0.09,0.373,0.219,0.047,0.09,0.09,0.12,0.12,0.204,0.457,0.664
14,0.75,0.096,1447.0,0.599,0.401,0.06,0.437,0.237,0.043,0.073,0.073,0.133,0.133,0.428,0.39,0.53
15,0.66,0.116,1838.0,0.474,0.526,0.1,0.446,0.289,0.048,0.037,0.037,0.124,0.124,0.236,0.168,0.525
16,0.75,0.1,1804.0,0.478,0.522,0.02,0.325,0.347,0.068,0.047,0.047,0.152,0.152,0.312,0.444,0.264
17,0.65,0.109,1787.0,0.449,0.551,0.04,0.344,0.164,0.077,0.01,0.01,0.12,0.12,0.49,0.469,0.47
18,0.55,0.102,1535.0,0.412,0.588,0.03,0.394,0.331,0.058,0.056,0.056,0.112,0.112,0.364,0.109,0.474
19,0.96,0.096,1489.0,0.495,0.505,0.05,0.42,0.157,0.064,0.048,0.048,0.084,0.084,0.217,0.143,0.709
20,0.94,0.089,1315.0,0.427,0.573,0.02,0.444,0.305,0.042,0.025,0.025,0.143,0.143,0.139,0.321,0.611
21,0.31,0.103,1410.0,0.477,0.523,0.06,0.242,0.305,0.067,0.04,0.04,0.135,0.135,0.277,0.187,0.457
22,0.43,0.119,1733.0,0.457,0.543,0.02,0.311,0.205,0.062,0.056,0.056,0.13,0.13,0.364,0.216,0.433
23,0.53,0.118,1655.0,0.495,0.505,0.1,0.284,0.263,0.092,0.066,0.066,0.127,0.127,0.37,0.136,0.631
24,0.89,0.102,1760.0,0.591,0.409,0.07,0.408,0.245,0.044,0.086,0.086,0.132,0.132,0.206,0.259,0.429
25,0.95,0.107,1670.0,0.54,0.46,0.09,0.324,0.269,0.07,0.057,0.057,0.109,0.109,0.23,0.191,0.58
26,0.76,0.094,1514.0,0.541,0.459,0.06,0.305,0.32,0.091,0.038,0.038,0.139,0.139,0.293,0.195,0.271
27,0.63,0.108,1872.0,0.447,0.553,0.08,0.304,0.322,0.081,0.008,0.008,0.136,0.136,0.238,0.407,0.331
28,0.68,0.115,1544.0,0.539,0.461,0.03,0.421,0.307,0.08,0.065,0.065,0.097,0.097,0.179,0.255,0.323
29,0.6,0.097,1765.0,0.533,0.467,0.09,0.333,0.232,0.039,0.091,0.091,0.093,0.093,0.188,0.478,0.555
30,0.79,0.107,1729.0,0.505,0.495,0.03,0.435,0.24,0.09,0.073,0.073,0.15,0.15,0.181,0.166,0.354
31,0.51,0.096,1523.0,0.49,0.51,0.07,0.467,0.32,0.095,0.09,0.09,0.061,0.061,0.449,0.327,0.262
32,0.97,0.109,1798.0,0.442,0.558,0.1,0.281,0.169,0.063,0.002,0.002,0.107,0.107,0.322,0.198,0.499
33,0.85,0.09,1332.0,0.584,0.416,0.01,0.244,0.171,0.055,0.03,0.03,0.153,0.153,0.235,0.482,0.251
34,0.49,0.123,1371.0,0.406,0.594,0.06,0.233,0.197,0.049,0.044,0.044,0.089,0.089,0.289,0.592,0.271
35,0.95,0.104,1447.0,0.547,0.453,0.09,0.288,0.287,0.033,0.087,0.087,0.072,0.072,0.111,0.171,0.572
36,0.57,0.125,1426.0,0.421,0.579,0.08,0.227,0.199,0.057,0.003,0.003,0.099,0.099,0.216,0.373,0.481
37,0.74,0.104,1469.0,0.476,0.524,0.02,0.319,0.198,0.066,0.072,0.072,0.149,0.149,0.281,0.404,0.493
38,0.76,0.107,1809.0,0.571,0.429,0.07,0.406,0.315,0.061,0.045,0.045,0.078,0.078,0.186,0.409,0.657
39,0.68,0.106,1610.0,0.556,0.444,0.07,0.32,0.285,0.088,0.086,0.086,0.069,0.069,0.457,0.301,0.339
40,0.81,0.112,1396.0,0.446,0.554,0.1,0.221,0.162,0.097,0.078,0.078,0.118,0.118,0.34,0.413,0.601
41,0.54,0.126,1811.0,0.486,0.514,0.02,0.253,0.261,0.033,0.02,0.02,0.105,0.105,0.173,0.341,0.52
42,0.73,0.096,1638.0,0.408,0.592,0.08,0.274,0.156,0.045,0.004,0.004,0.086,0.086,0.394,0.375,0.79
43,0.55,0.095,1330.0,0.42,0.58,0.09,0.288,0.293,0.035,0.031,0.031,0.132,0.132,0.251,0.365,0.317
44,0.34,0.104,1395.0,0.561,0.439,0.06,0.337,0.319,0.078,0.016,0.016,0.174,0.174,0.304,0.531,0.757
45,0.69,0.106,1303.0,0.529,0.471,0.05,0.351,0.319,0.074,0.037,0.037,0.112,0.112,0.385,0.546,0.535
46,0.78,0.114,1835.0,0.435,0.565,0.08,0.418,0.186,0.086,0.037,0.037,0.166,0.166,0.242,0.331,0.769
47,0.31,0.092,1384.0,0.497,0.503,0.01,0.339,0.156,0.054,0.002,0.002,0.09,0.09,0.126,0.263,0.755
48,0.55,0.092,1313.0,0.417,0.583,0.03,0.34,0.179,0.09,0.009,0.009,0.169,0.169,0.438,0.473,0.44
49,0.75,0.106,1387.0,0.474,0.526,0.05,0.375,0.178,0.078,0.007,0.007,0.149,0.149,0.214,0.451,0.681
50,0.98,0.112,1345.0,0.404,0.596,0.08,0.347,0.333,0.073,0.081,0.081,0.16,0.16,0.366,0.264,0.394
51,0.6,0.1,1518.0,0.6,0.4,0.04,0.445,0.271,0.09,0.069,0.069,0.057,0.057,0.126,0.369,0.462
52,0.62,0.095,1651.0,0.511,0.489,0.09,0.244,0.226,0.07,0.048,0.048,0.16,0.16,0.226,0.236,0.217
53,0.8,0.108,1329.0,0.416,0.584,0.05,0.218,0.264,0.045,0.077,0.077,0.143,0.143,0.44,0.576,0.583
54,0.75,0.116,1535.0,0.523,0.477,0.09,0.489,0.243,0.094,0.047,0.047,0.133,0.133,0.342,0.566,0.618
55,0.57,0.098,1403.0,0.535,0.465,0.03,0.358,0.292,0.042,0.083,0.083,0.132,0.132,0.315,0.511,0.531
56,0.62,0.092,1663.0,0.575,0.425,0.07,0.324,0.306,0.041,0.049,0.049,0.152,0.152,0.138,0.307,0.283
57,0.66,0.101,1551.0,0.489,0.511,0.1,0.218,0.297,0.036,0.097,0.097,0.146,0.146,0.43,0.267,0.585
58,0.36,0.096,1500.0,0.593,0.407,0.08,0.415,0.248,0.092,0.057,0.057,0.157,0.157,0.241,0.515,0.718
59,0.64,0.104,1553.0,0.572,0.428,0.07,0.481,0.248,0.078,0.034,0.034,0.163,0.163,0.439,0.418,0.529
60,0.62,0.083,1529.0,0.538,0.462,0.02,0.391,0.215,0.049,0.078,0.078,0.155,0.155,0.184,0.427,0.547
61,0.36,0.108,1675.0,0.435,0.565,0.06,0.248,0.303,0.08,0.076,0.076,0.074,0.074,0.409,0.367,0.221
62,0.44,0.102,1603.0,0.428,0.572,0.02,0.382,0.217,0.078,0.005,0.005,0.148,0.148,0.388,0.475,0.321
63,0.9,0.104,1357.0,0.422,0.578,0.07,0.428,0.217,0.068,0.011,0.011,0.151,0.151,0.142,0.281,0.24
64,0.59,0.095,1899.0,0.443,0.557,0.05,0.473,0.172,0.07,0.046,0.046,0.136,0.136,0.269,0.202,0.368
65,0.59,0.114,1470.0,0.407,0.593,0.08,0.394,0.25,0.084,0.057,0.057,0.144,0.144,0.17,0.36,0.229
66,0.76,0.097,1570.0,0.57,0.43,0.05,0.38,0.305,0.068,0.084,0.084,0.147,0.147,0.306,0.16,0.441
67,0.95,0.113,1405.0,0.546,0.454,0.03,0.358,0.182,0.054,0.017,0.017,0.138,0.138,0.345,0.179,0.794
68,0.98,0.116,1461.0,0.469,0.531,0.01,0.322,0.188,0.091,0.07,0.07,0.159,0.159,0.252,0.472,0.668
69,0.63,0.105,1642.0,0.485,0.515,0.01,0.366,0.231,0.059,0.016,0.016,0.164,0.164,0.105,0.439,0.302
70,0.81,0.11,1727.0,0.485,0.515,0.1,0.285,0.277,0.042,0.051,0.051,0.115,0.115,0.398,0.262,0.694
71,0.45,0.112,1479.0,0.467,0.533,0.06,0.283,0.235,0.091,0.049,0.049,0.118,0.118,0.221,0.416,0.782
72,0.3,0.105,1645.0,0.557,0.443,0.05,0.35,0.338,0.083,0.029,0.029,0.15,0.15,0.228,0.455,0.653
73,0.89,0.107,1754.0,0.434,0.566,0.06,0.359,0.338,0.053,0.096,0.096,0.168,0.168,0.114,0.386,0.346
74,0.89,0.114,1737.0,0.532,0.468,0.07,0.42,0.247,0.068,0.082,0.082,0.14,0.14,0.25,0.513,0.234
75,0.71,0.101,1787.0,0.555,0.445,0.05,0.365,0.29,0.059,0.044,0.044,0.143,0.143,0.434,0.113,0.706
76,0.33,0.105,1539.0,0.557,0.443,0.07,0.342,0.192,0.049,0.009,0.009,0.135,0.135,0.225,0.584,0.703
77,0.58,0.104,1751.0,0.448,0.552,0.04,0.402,0.152,0.034,0.016,0.016,0.127,0.127,0.301,0.124,0.239
78,0.73,0.103,1656.0,0.461,0.539,0.1,0.406,0.16,0.091,0.04,0.04,0.117,0.117,0.113,0.18,0.377
79,0.67,0.099,1638.0,0.473,0.527,0.1,0.453,0.282,0.05,0.073,0.073,0.137,0.137,0.441,0.139,0.629
80,0.39,0.117,1647.0,0.51,0.49,0.05,0.28,0.309,0.036,0.093,0.093,0.108,0.108,0.151,0.354,0.522
81,0.88,0.091,1799.0,0.527,0.473,0.05,0.396,0.26,0.089,0.072,0.072,0.13,0.13,0.165,0.533,0.26
82,0.31,0.1,1495.0,0.567,0.433,0.02,0.225,0.298,0.055,0.026,0.026,0.089,0.089,0.239,0.35,0.443
83,0.76,0.094,1597.0,0.456,0.544,0.02,0.245,0.328,0.046,0.098,0.098,0.177,0.177,0.169,0.582,0.477
84,0.99,0.095,1487.0,0.598,0.402,0.07,0.207,0.251,0.078,0.032,0.032,0.155,0.155,0.45,0.456,0.344
85,0.78,0.108,1733.0,0.43,0.57,0.1,0.422,0.297,0.036,0.094,0.094,0.092,0.092,0.24,0.323,0.708
86,0.43,0.111,1313.0,0.518,0.482,0.02,0.484,0.328,0.087,0.08,0.08,0.147,0.147,0.203,0.358,0.792
87,0.93,0.093,1567.0,0.449,0.551,0.03,0.295,0.287,0.044,0.062,0.062,0.15,0.15,0.172,0.103,0.733
88,0.6,0.11,1454.0,0.572,0.428,0.07,0.463,0.284,0.033,0.032,0.032,0.134,0.134,0.211,0.151,0.462
89,0.53,0.095,1417.0,0.576,0.424,0.09,0.426,0.197,0.064,0.066,0.066,0.168,0.168,0.159,0.274,0.324
90,0.32,0.092,1445.0,0.501,0.499,0.02,0.291,0.151,0.088,0.094,0.094,0.139,0.139,0.274,0.296,0.75
91,0.58,0.097,1402.0,0.497,0.503,0.02,0.207,0.282,0.069,0.024,0.024,0.1,0.1,0.285,0.3,0.547
92,0.38,0.122,1714.0,0.453,0.547,0.05,0.43,0.189,0.069,0.085,0.085,0.162,0.162,0.272,0.355,0.551
93,0.97,0.098,1308.0,0.496,0.504,0.09,0.465,0.204,0.077,0.005,0.005,0.143,0.143,0.361,0.291,0.338
94,0.83,0.117,1398.0,0.447,0.553,0.08,0.203,0.164,0.091,0.032,0.032,0.145,0.145,0.444,0.342,0.652
95,0.51,0.114,1753.0,0.579,0.421,0.03,0.354,0.212,0.051,0.092,0.092,0.163,0.163,0.372,0.556,0.215
96,0.88,0.113,1878.0,0.455,0.545,0.07,0.25,0.303,0.051,0.032,0.032,0.091,0.091,0.137,0.441,0.57
97,0.38,0.121,1864.0,0.491,0.509,0.03,0.413,0.302,0.044,0.071,0.071,0.162,0.162,0.32,0.359,0.737
98,0.75,0.108,1872.0,0.556,0.444,0.03,0.286,0.19,0.076,0.026,0.026,0.138,0.138,0.356,0.377,0.714
99,0.48,0.104,1424.0,0.437,0.563,0.02,0.295,0.178,0.099,0.027,0.027,0.087,0.087,0.472,0.342,0.359
100,0.61,0.122,1306.0,0.461,0.539,0.08,0.458,0.32,0.066,0.026,0.026,0.161,0.161,0.334,0.154,0.605
101,0.34,0.104,1321.0,0.534,0.466,0.05,0.451,0.201,0.085,0.062,0.062,0.127,0.127,0.453,0.495,0.251
102,0.91,0.099,1786.0,0.424,0.576,0.07,0.397,0.159,0.094,0.099,0.099,0.171,0.171,0.491,0.485,0.729
103,0.6,0.094,1562.0,0.532,0.468,0.1,0.308,0.268,0.048,0.023,0.023,0.137,0.137,0.19,0.153,0.296
104,0.94,0.11,1344.0,0.44,0.56,0.1,0.486,0.29,0.036,0.003,0.003,0.094,0.094,0.196,0.328,0.555
105,0.69,0.105,1852.0,0.456,0.544,0.08,0.222,0.234,0.055,0.093,0.093,0.111,0.111,0.122,0.485,0.579
106,0.94,0.104,1432.0,0.547,0.453,0.02,0.429,0.278,0.086,0.087,0.087,0.124,0.124,0.485,0.283,0.289
107,0.4,0.109,1547.0,0.432,0.568,0.07,0.42,0.293,0.055,0.026,0.026,0.146,0.146,0.275,0.258,0.315
108,0.77,0.109,1854.0,0.534,0.466,0.03,0.355,0.193,0.099,0.063,0.063,0.147,0.147,0.153,0.138,0.422
109,0.4,0.1,1606.0,0.421,0.579,0.09,0.478,0.182,0.098,0.033,0.033,0.122,0.122,0.177,0.376,0.595
110,0.49,0.1,1765.0,0.58,0.42,0.01,0.255,0.163,0.047,0.058,0.058,0.071,0.071,0.265,0.492,0.662
111,0.42,0.105,1838.0,0.565,0.435,0.03,0.417,0.288,0.071,0.085,0.085,0.095,0.095,0.402,0.105,0.444
112,0.9,0.097,1322.0,0.56,0.44,0.07,0.451,0.214,0.082,0.004,0.004,0.096,0.096,0.142,0.396,0.54
113,0.83,0.1,1451.0,0.564,0.436,0.09,0.428,0.259,0.079,0.065,0.065,0.092,0.092,0.209,0.404,0.378
114,0.69,0.122,1776.0,0.477,0.523,0.02,0.361,0.329,0.094,0.02,0.02,0.163,0.163,0.205,0.204,0.581
115,0.35,0.105,1826.0,0.579,0.421,0.01,0.376,0.276,0.065,0.043,0.043,0.106,0.106,0.182,0.248,0.713
116,0.51,0.11,1827.0,0.501,0.499,0.03,0.476,0.216,0.056,0.048,0.048,0.07,0.07,0.466,0.557,0.247
117,0.71,0.102,1506.0,0.516,0.484,0.01,0.303,0.216,0.064,0.045,0.045,0.167,0.167,0.39,0.544,0.401
118,0.38,0.103,1886.0,0.59,0.41,0.09,0.348,0.165,0.09,0.019,0.019,0.133,0.133,0.345,0.516,0.719
119,0.77,0.118,1504.0,0.539,0.461,0.09,0.398,0.155,0.045,0.016,0.016,0.143,0.143,0.295,0.316,0.546
120,0.46,0.11,1841.0,0.572,0.428,0.02,0.384,0.262,0.07,0.072,0.072,0.124,0.124,0.132,0.156,0.482
121,0.81,0.106,1587.0,0.444,0.556,0.08,0.43,0.174,0.067,0.029,0.029,0.158,0.158,0.248,0.486,0.321
122,0.93,0.099,1896.0,0.44,0.56,0.04,0.462,0.177,0.085,0.002,0.002,0.152,0.152,0.413,0.54,0.783
123,0.5,0.106,1644.0,0.418,0.582,0.04,0.292,0.168,0.063,0.052,0.052,0.159,0.159,0.153,0.511,0.688
124,0.65,0.099,1381.0,0.483,0.517,0.05,0.497,0.268,0.077,0.079,0.079,0.103,0.103,0.215,0.329,0.276
125,0.45,0.121,1831.0,0.441,0.559,0.1,0.392,0.291,0.082,0.013,0.013,0.158,0.158,0.338,0.598,0.328
126,0.64,0.108,1702.0,0.446,0.554,0.04,0.25,0.296,0.055,0.089,0.089,0.17,0.17,0.2,0.541,0.312
127,0.84,0.114,1327.0,0.468,0.532,0.01,0.455,0.321,0.075,0.03,0.03,0.129,0.129,0.159,0.319,0.37
128,0.39,0.12,1579.0,0.438,0.562,0.03,0.482,0.278,0.064,0.065,0.065,0.115,0.115,0.447,0.282,0.431
129,0.67,0.105,1795.0,0.588,0.412,0.09,0.404,0.341,0.047,0.096,0.096,0.109,0.109,0.117,0.393,0.427
130,0.99,0.105,1668.0,0.598,0.402,0.08,0.456,0.176,0.039,0.04,0.04,0.14,0.14,0.156,0.287,0.599
131,0.9,0.116,1641.0,0.429,0.571,0.04,0.302,0.151,0.062,0.009,0.009,0.153,0.153,0.359,0.163,0.382
132,0.41,0.102,1521.0,0.433,0.567,0.04,0.249,0.188,0.073,0.09,0.09,0.101,0.101,0.271,0.334,0.43
133,0.96,0.106,1557.0,0.55,0.45,0.01,0.384,0.33,0.069,0.089,0.089,0.099,0.099,0.382,0.242,0.404
134,0.86,0.114,1865.0,0.407,0.593,0.08,0.214,0.323,0.098,0.051,0.051,0.087,0.087,0.301,0.462,0.508
135,0.81,0.098,1319.0,0.438,0.562,0.07,0.319,0.27,0.081,0.036,0.036,0.107,0.107,0.13,0.507,0.445
136,0.41,0.112,1619.0,0.425,0.575,0.09,0.388,0.223,0.086,0.054,0.054,0.144,0.144,0.428,0.586,0.755
137,0.97,0.106,1338.0,0.521,0.479,0.09,0.474,0.342,0.077,0.07,0.07,0.145,0.145,0.494,0.303,0.447
138,0.45,0.112,1789.0,0.411,0.589,0.04,0.316,0.25,0.049,0.089,0.089,0.094,0.094,0.193,0.478,0.686
139,0.72,0.115,1861.0,0.555,0.445,0.08,0.455,0.184,0.032,0.045,0.045,0.14,0.14,0.298,0.405,0.659
140,0.6,0.11,1682.0,0.462,0.538,0.04,0.242,0.329,0.06,0.006,0.006,0.157,0.157,0.393,0.324,0.631
141,0.68,0.106,1354.0,0.52,0.48,0.08,0.301,0.202,0.097,0.097,0.097,0.102,0.102,0.358,0.5,0.383
142,0.33,0.105,1417.0,0.482,0.518,0.01,0.483,0.305,0.046,0.033,0.033,0.128,0.128,0.447,0.224,0.667
143,0.8,0.115,1365.0,0.516,0.484,0.01,0.317,0.157,0.044,0.001,0.001,0.158,0.158,0.452,0.284,0.793
144,0.48,0.093,1517.0,0.464,0.536,0.03,0.36,0.231,0.089,0.043,0.043,0.149,0.149,0.305,0.569,0.387
145,0.46,0.107,1499.0,0.432,0.568,0.09,0.448,0.194,0.089,0.008,0.008,0.103,0.103,0.435,0.231,0.335
146,0.93,0.11,1856.0,0.486,0.514,0.07,0.456,0.256,0.04,0.017,0.017,0.084,0.084,0.314,0.312,0.419
147,0.8,0.104,1390.0,0.514,0.486,0.08,0.498,0.309,0.083,0.017,0.017,0.172,0.172,0.224,0.445,0.291
148,0.96,0.102,1575.0,0.531,0.469,0.03,0.463,0.289,0.082,0.014,0.014,0.111,0.111,0.451,0.53,0.518
149,0.61,0.111,1840.0,0.49,0.51,0.08,0.385,0.327,0.046,0.099,0.099,0.126,0.126,0.265,0.204,0.787
150,0.92,0.103,1524.0,0.59,0.41,0.04,0.238,0.195,0.043,0.098,0.098,0.153,0.153,0.413,0.218,0.355
151,0.49,0.099,1674.0,0.505,0.495,0.08,0.393,0.158,0.064,0.07,0.07,0.082,0.082,0.311,0.337,0.367
152,0.98,0.094,1830.0,0.524,0.476,0.03,0.214,0.174,0.091,0.043,0.043,0.111,0.111,0.378,0.298,0.644
153,0.89,0.117,1453.0,0.595,0.405,0.06,0.377,0.332,0.033,0.037,0.037,0.154,0.154,0.169,0.144,0.592
154,0.5,0.111,1406.0,0.59,0.41,0.1,0.257,0.172,0.044,0.072,0.072,0.117,0.117,0.367,0.308,0.333
155,0.31,0.104,1559.0,0.446,0.554,0.01,0.481,0.196,0.078,0.082,0.082,0.138,0.138,0.233,0.279,0.263
156,0.65,0.113,1812.0,0.544,0.456,0.02,0.448,0.218,0.081,0.024,0.024,0.158,0.158,0.484,0.546,0.246
157,0.75,0.113,1350.0,0.586,0.414,0.02,0.4,0.254,0.093,0.026,0.026,0.172,0.172,0.158,0.445,0.758
158,0.59,0.088,1377.0,0.465,0.535,0.04,0.226,0.285,0.095,0.031,0.031,0.15,0.15,0.141,0.285,0.565
159,0.85,0.1,1485.0,0.488,0.512,0.07,0.392,0.188,0.085,0.035,0.035,0.128,0.128,0.207,0.208,0.624
160,0.32,0.099,1373.0,0.452,0.548,0.01,0.431,0.221,0.066,0.059,0.059,0.155,0.155,0.461,0.493,0.458
161,0.92,0.105,1730.0,0.413,0.587,0.03,0.254,0.256,0.05,0.01,0.01,0.108,0.108,0.422,0.146,0.589
162,0.85,0.106,1339.0,0.573,0.427,0.03,0.259,0.175,0.055,0.042,0.042,0.139,0.139,0.212,0.339,0.286
163,0.98,0.099,1438.0,0.445,0.555,0.03,0.2,0.315,0.061,0.025,0.025,0.141,0.141,0.273,0.347,0.278
164,0.57,0.096,1791.0,0.56,0.44,0.02,0.397,0.315,0.096,0.063,0.063,0.128,0.128,0.389,0.143,0.723
165,0.33,0.114,1653.0,0.411,0.589,0.08,0.246,0.258,0.074,0.032,0.032,0.138,0.138,0.165,0.598,0.238
166,0.5,0.104,1810.0,0.459,0.541,0.02,0.379,0.303,0.089,0.076,0.076,0.143,0.143,0.115,0.203,0.766
167,0.84,0.097,1509.0,0.585,0.415,0.05,0.459,0.165,0.076,0.051,0.051,0.121,0.121,0.294,0.233,0.542
168,0.84,0.103,1594.0,0.423,0.577,0.08,0.408,0.272,0.045,0.072,0.072,0.125,0.125,0.419,0.315,0.461
169,0.73,0.108,1595.0,0.514,0.486,0.07,0.268,0.155,0.08,0.085,0.085,0.085,0.085,0.247,0.128,0.697
170,0.74,0.113,1406.0,0.566,0.434,0.1,0.477,0.318,0.097,0.018,0.018,0.145,0.145,0.229,0.586,0.505
171,0.88,0.107,1685.0,0.482,0.518,0.09,0.472,0.2,0.074,0.023,0.023,0.114,0.114,0.463,0.575,0.498
172,0.51,0.106,1516.0,0.423,0.577,0.05,0.26,0.161,0.038,0.028,0.028,0.14,0.14,0.399,0.436,0.502
173,0.97,0.101,1411.0,0.466,0.534,0.1,0.262,0.295,0.043,0.09,0.09,0.088,0.088,0.175,0.368,0.527
174,0.35,0.105,1898.0,0.528,0.472,0.06,0.461,0.334,0.044,0.075,0.075,0.132,0.132,0.263,0.379,0.447
175,0.62,0.097,1741.0,0.508,0.492,0.02,0.26,0.161,0.084,0.096,0.096,0.156,0.156,0.451,0.442,0.308
176,0.43,0.1,1623.0,0.577,0.423,0.03,0.228,0.245,0.033,0.064,0.064,0.162,0.162,0.336,0.487,0.559
177,0.82,0.098,1372.0,0.526,0.474,0.05,0.496,0.328,0.031,0.028,0.028,0.118,0.118,0.399,0.374,0.417
178,0.81,0.108,1587.0,0.539,0.461,0.05,0.388,0.318,0.07,0.094,0.094,0.145,0.145,0.249,0.381,0.268
179,0.36,0.109,1348.0,0.465,0.535,0.04,0.316,0.19,0.067,0.039,0.039,0.141,0.141,0.255,0.155,0.684
180,0.44,0.087,1556.0,0.577,0.423,0.03,0.338,0.17,0.05,0.032,0.032,0.096,0.096,0.268,0.587,0.43
181,0.49,0.102,1309.0,0.497,0.503,0.07,0.245,0.3,0.047,0.078,0.078,0.123,0.123,0.352,0.446,0.759
182,0.82,0.108,1393.0,0.534,0.466,0.08,0.468,0.326,0.084,0.01,0.01,0.156,0.156,0.295,0.241,0.608
183,0.32,0.095,1826.0,0.431,0.569,0.06,0.483,0.201,0.044,0.021,0.021,0.164,0.164,0.28,0.448,0.25
184,0.71,0.096,1807.0,0.45,0.55,0.02,0.313,0.313,0.048,0.002,0.002,0.126,0.126,0.347,0.526,0.655
185,0.6,0.111,1379.0,0.582,0.418,0.02,0.452,0.21,0.062,0.017,0.017,0.126,0.126,0.487,0.512,0.327
186,0.86,0.107,1775.0,0.512,0.488,0.07,0.363,0.253,0.093,0.075,0.075,0.146,0.146,0.355,0.526,0.209
187,0.5,0.101,1756.0,0.596,0.404,0.07,0.357,0.306,0.064,0.076,0.076,0.105,0.105,0.333,0.185,0.742
188,0.82,0.103,1493.0,0.514,0.486,0.09,0.402,0.346,0.066,0.078,0.078,0.101,0.101,0.317,0.295,0.46
189,0.74,0.1,1564.0,0.46,0.54,0.01,0.236,0.307,0.036,0.091,0.091,0.144,0.144,0.493,0.189,0.275
190,0.35,0.086,1564.0,0.576,0.424,0.03,0.313,0.317,0.041,0.056,0.056,0.158,0.158,0.193,0.57,0.514
191,0.37,0.103,1671.0,0.449,0.551,0.04,0.461,0.278,0.047,0.093,0.093,0.146,0.146,0.3,0.578,0.224
192,0.74,0.08,1351.0,0.451,0.549,0.02,0.28,0.285,0.088,0.075,0.075,0.075,0.075,0.104,0.228,0.761
193,0.38,0.114,1419.0,0.494,0.506,0.05,0.355,0.271,0.041,0.01,0.01,0.134,0.134,0.35,0.479,0.418
194,0.53,0.107,1716.0,0.513,0.487,0.08,0.453,0.299,0.056,0.014,0.014,0.098,0.098,0.38,0.131,0.255
195,0.76,0.107,1503.0,0.459,0.541,0.03,0.209,0.311,0.083,0.027,0.027,0.102,0.102,0.106,0.476,0.694
196,0.45,0.097,1439.0,0.452,0.548,0.06,0.334,0.225,0.034,0.027,0.027,0.112,0.112,0.423,0.261,0.454
197,0.44,0.107,1582.0,0.54,0.46,0.02,0.443,0.175,0.083,0.075,0.075,0.155,0.155,0.113,0.453,0.233
198,0.94,0.113,1501.0,0.451,0.549,0.06,0.406,0.262,0.095,0.061,0.061,0.081,0.081,0.276,0.216,0.598
199,0.66,0.095,1616.0,0.498,0.502,0.07,0.498,0.314,0.048,0.042,0.042,0.146,0.146,0.285,0.14,0.626
200,0.83,0.099,1385.0,0.518,0.482,0.07,0.389,0.253,0.1,0.03,0.03,0.143,0.143,0.437,0.332,0.731
201,0.96,0.102,1369.0,0.586,0.414,0.09,0.368,0.276,0.041,0.008,0.008,0.077,0.077,0.445,0.552,0.314
202,0.43,0.106,1386.0,0.513,0.487,0.06,0.366,0.27,0.098,0.075,0.075,0.126,0.126,0.423,0.223,0.449
203,0.69,0.109,1802.0,0.575,0.425,0.05,0.299,0.186,0.082,0.1,0.1,0.104,0.104,0.359,0.406,0.678
204,0.3,0.102,1772.0,0.404,0.596,0.07,0.274,0.267,0.067,0.022,0.022,0.146,0.146,0.103,0.415,0.402
205,0.78,0.097,1571.0,0.403,0.597,0.04,0.492,0.299,0.037,0.084,0.084,0.162,0.162,0.227,0.538,0.446
206,0.34,0.109,1817.0,0.516,0.484,0.09,0.407,0.154,0.052,0.012,0.012,0.159,0.159,0.245,0.177,0.532
207,0.39,0.118,1657.0,0.565,0.435,0.06,0.305,0.192,0.031,0.055,0.055,0.156,0.156,0.207,0.222,0.574
208,0.9,0.1,1645.0,0.469,0.531,0.04,0.377,0.223,0.08,0.051,0.051,0.13,0.13,0.454,0.233,0.695
209,0.88,0.113,1785.0,0.583,0.417,0.09,0.302,0.174,0.07,0.054,0.054,0.115,0.115,0.222,0.554,0.423
210,0.4,0.099,1548.0,0.476,0.524,0.1,0.224,0.189,0.031,0.043,0.043,0.068,0.068,0.149,0.38,0.318
211,0.63,0.11,1473.0,0.463,0.537,0.06,0.495,0.219,0.065,0.021,0.021,0.08,0.08,0.221,0.215,0.507
212,0.97,0.115,1363.0,0.49,0.51,0.05,0.235,0.201,0.09,0.005,0.005,0.147,0.147,0.278,0.197,0.724
213,0.63,0.121,1596.0,0.494,0.506,0.09,0.435,0.348,0.098,0.046,0.046,0.113,0.113,0.458,0.275,0.389
214,0.64,0.109,1336.0,0.593,0.407,0.06,0.232,0.176,0.091,0.096,0.096,0.128,0.128,0.233,0.345,0.351
215,0.36,0.109,1736.0,0.544,0.456,0.06,0.293,0.187,0.043,0.052,0.052,0.16,0.16,0.114,0.504,0.573
216,0.77,0.106,1724.0,0.42,0.58,0.08,0.434,0.177,0.095,0.028,0.028,0.157,0.157,0.293,0.408,0.239
217,0.48,0.098,1476.0,0.502,0.498,0.04,0.357,0.283,0.047,0.033,0.033,0.119,0.119,0.217,0.412,0.635
218,0.59,0.106,1767.0,0.53,0.47,0.04,0.29,0.286,0.068,0.02,0.02,0.142,0.142,0.285,0.463,0.748
219,0.47,0.118,1670.0,0.584,0.416,0.06,0.383,0.198,0.077,0.037,0.037,0.126,0.126,0.257,0.252,0.411
220,0.7,0.11,1371.0,0.421,0.579,0.08,0.499,0.266,0.067,0.061,0.061,0.168,0.168,0.219,0.282,0.71
221,0.93,0.121,1856.0,0.412,0.588,0.1,0.495,0.232,0.058,0.068,0.068,0.094,0.094,0.316,0.494,0.642
222,0.33,0.106,1494.0,0.53,0.47,0.07,0.207,0.247,0.087,0.003,0.003,0.119,0.119,0.418,0.237,0.396
223,0.69,0.08,1436.0,0.519,0.481,0.1,0.274,0.337,0.071,0.02,0.02,0.155,0.155,0.116,0.524,0.744
224,0.4,0.1,1698.0,0.426,0.574,0.03,0.373,0.196,0.072,0.05,0.05,0.098,0.098,0.367,0.59,0.441
225,0.82,0.09,1486.0,0.589,0.411,0.02,0.234,0.285,0.071,0.048,0.048,0.108,0.108,0.298,0.44,0.677
226,0.94,0.1,1337.0,0.437,0.563,0.04,0.259,0.199,0.066,0.025,0.025,0.126,0.126,0.479,0.58,0.279
227,0.8,0.094,1769.0,0.545,0.455,0.09,0.41,0.216,0.038,0.038,0.038,0.165,0.165,0.374,0.437,0.358
228,0.35,0.115,1693.0,0.402,0.598,0.04,0.359,0.344,0.066,0.077,0.077,0.166,0.166,0.146,0.31,0.372
229,0.64,0.101,1408.0,0.563,0.437,0.06,0.4,0.326,0.093,0.058,0.058,0.141,0.141,0.107,0.192,0.325
230,0.65,0.099,1341.0,0.491,0.509,0.09,0.458,0.202,0.052,0.022,0.022,0.146,0.146,0.241,0.344,0.415
231,0.55,0.111,1692.0,0.535,0.465,0.06,0.223,0.239,0.048,0.079,0.079,0.159,0.159,0.386,0.304,0.483
232,0.54,0.102,1628.0,0.535,0.465,0.03,0.466,0.233,0.046,0.022,0.022,0.142,0.142,0.37,0.256,0.773
233,0.92,0.093,1472.0,0.487,0.513,0.06,0.336,0.196,0.032,0.068,0.068,0.088,0.088,0.48,0.352,0.265
234,0.49,0.113,1517.0,0.441,0.559,0.05,0.251,0.229,0.039,0.035,0.035,0.065,0.065,0.308,0.518,0.397
235,0.96,0.108,1352.0,0.55,0.45,0.08,0.454,0.255,0.032,0.084,0.084,0.144,0.144,0.147,0.162,0.245
236,0.72,0.103,1746.0,0.559,0.441,0.04,0.266,0.336,0.051,0.1,0.1,0.124,0.124,0.124,0.19,0.583
237,0.37,0.104,1654.0,0.566,0.434,0.01,0.21,0.301,0.058,0.091,0.091,0.159,0.159,0.137,0.364,0.608
238,0.46,0.118,1391.0,0.434,0.566,0.03,0.255,0.163,0.075,0.068,0.068,0.147,0.147,0.263,0.343,0.764
239,0.36,0.116,1425.0,0.457,0.543,0.07,0.217,0.208,0.05,0.048,0.048,0.065,0.065,0.145,0.499,0.313
240,0.8,0.109,1367.0,0.596,0.404,0.02,0.489,0.208,0.046,0.025,0.025,0.166,0.166,0.407,0.467,0.591
241,0.92,0.093,1464.0,0.558,0.442,0.04,0.492,0.154,0.046,0.067,0.067,0.127,0.127,0.106,0.384,0.434
242,0.46,0.087,1845.0,0.507,0.493,0.05,0.249,0.203,0.086,0.071,0.071,0.101,0.101,0.361,0.104,0.597
243,0.42,0.104,1740.0,0.582,0.418,0.04,0.412,0.21,0.069,0.058,0.058,0.132,0.132,0.461,0.277,0.221
244,0.72,0.099,1555.0,0.46,0.54,0.09,0.449,0.208,0.036,0.012,0.012,0.111,0.111,0.353,0.581,0.672
245,0.53,0.113,1436.0,0.554,0.446,0.08,0.431,0.348,0.048,0.01,0.01,0.146,0.146,0.257,0.165,0.728
246,0.71,0.095,1581.0,0.493,0.507,0.08,0.355,0.257,0.075,0.086,0.086,0.101,0.101,0.35,0.364,0.693
247,0.95,0.116,1781.0,0.563,0.437,0.02,0.301,0.279,0.045,0.087,0.087,0.152,0.152,0.168,0.351,0.745
248,0.57,0.106,1385.0,0.525,0.475,0.06,0.457,0.278,0.099,0.047,0.047,0.117,0.117,0.421,0.334,0.714
249,0.91,0.112,1631.0,0.475,0.525,0.04,0.219,0.232,0.077,0.093,0.093,0.104,0.104,0.291,0.354,0.614
250,0.86,0.098,1686.0,0.574,0.426,0.04,0.209,0.207,0.096,0.089,0.089,0.165,0.165,0.154,0.417,0.374
251,0.51,0.116,1703.0,0.459,0.541,0.09,0.228,0.327,0.082,0.062,0.062,0.147,0.147,0.258,0.423,0.733
252,0.66,0.112,1483.0,0.569,0.431,0.09,0.423,0.224,0.079,0.08,0.08,0.081,0.081,0.445,0.2,0.352
253,0.9,0.113,1618.0,0.571,0.429,0.01,0.479,0.211,0.094,0.064,0.064,0.163,0.163,0.318,0.564,0.788
254,0.57,0.098,1456.0,0.492,0.508,0.03,0.208,0.227,0.089,0.096,0.096,0.131,0.131,0.347,0.549,0.563
255,0.9,0.108,1897.0,0.564,0.436,0.06,0.319,0.281,0.092,0.001,0.001,0.155,0.155,0.286,0.174,0.451
256,0.56,0.115,1525.0,0.407,0.593,0.02,0.44,0.165,0.085,0.089,0.089,0.105,0.105,0.365,0.11,0.578
257,0.86,0.106,1600.0,0.418,0.582,0.03,0.46,0.194,0.095,0.055,0.055,0.167,0.167,0.201,0.167,0.612
258,0.66,0.098,1866.0,0.421,0.579,0.06,0.212,0.312,0.074,0.012,0.012,0.147,0.147,0.253,0.16,0.716
259,0.73,0.094,1659.0,0.445,0.555,0.07,0.424,0.171,0.077,0.062,0.062,0.156,0.156,0.356,0.594,0.261
260,0.68,0.102,1424.0,0.408,0.592,0.07,0.208,0.243,0.061,0.097,0.097,0.11,0.11,0.307,0.28,0.522
261,0.8,0.115,1768.0,0.41,0.59,0.09,0.442,0.294,0.072,0.018,0.018,0.137,0.137,0.398,0.583,0.231
262,0.9,0.109,1522.0,0.417,0.583,0.06,0.273,0.274,0.094,0.041,0.041,0.151,0.151,0.11,0.152,0.625
263,0.56,0.119,1348.0,0.592,0.408,0.07,0.445,0.255,0.033,0.075,0.075,0.156,0.156,0.343,0.271,0.215
264,0.69,0.12,1617.0,0.408,0.592,0.07,0.287,0.223,0.087,0.06,0.06,0.113,0.113,0.201,0.4,0.647
265,0.63,0.109,1336.0,0.482,0.518,0.03,0.464,0.218,0.099,0.092,0.092,0.104,0.104,0.37,0.542,0.543
266,0.69,0.102,1542.0,0.504,0.496,0.05,0.415,0.213,0.037,0.013,0.013,0.15,0.15,0.393,0.536,0.363
267,0.81,0.107,1584.0,0.536,0.464,0.03,0.457,0.219,0.083,0.072,0.072,0.103,0.103,0.462,0.118,0.409
268,0.58,0.097,1508.0,0.509,0.491,0.02,0.264,0.311,0.093,0.031,0.031,0.102,0.102,0.488,0.181,0.724
269,0.67,0.105,1824.0,0.473,0.527,0.02,0.479,0.314,0.091,0.028,0.028,0.1,0.1,0.483,0.159,0.554
270,0.59,0.1,1413.0,0.467,0.533,0.09,0.205,0.241,0.075,0.029,0.029,0.154,0.154,0.259,0.34,0.298
271,0.53,0.107,1478.0,0.542,0.458,0.03,0.363,0.312,0.052,0.059,0.059,0.166,0.166,0.122,0.589,0.576
272,0.63,0.096,1869.0,0.542,0.458,0.02,0.214,0.187,0.042,0.035,0.035,0.169,0.169,0.349,0.25,0.301
273,0.91,0.111,1560.0,0.591,0.409,0.02,0.314,0.235,0.086,0.067,0.067,0.07,0.07,0.374,0.317,0.617
274,0.47,0.103,1399.0,0.475,0.525,0.09,0.328,0.347,0.088,0.042,0.042,0.107,0.107,0.194,0.363,0.594
275,0.83,0.109,1481.0,0.499,0.501,0.03,0.432,0.315,0.041,0.042,0.042,0.161,0.161,0.331,0.551,0.3
276,0.31,0.101,1723.0,0.466,0.534,0.1,0.477,0.191,0.066,0.088,0.088,0.162,0.162,0.362,0.596,0.707
277,0.96,0.113,1684.0,0.472,0.528,0.04,0.33,0.26,0.056,0.048,0.048,0.106,0.106,0.232,0.464,0.64
278,0.67,0.101,1704.0,0.51,0.49,0.04,0.332,0.271,0.082,0.049,0.049,0.093,0.093,0.373,0.103,0.219
279,0.93,0.118,1572.0,0.491,0.509,0.04,0.229,0.276,0.054,0.061,0.061,0.084,0.084,0.481,0.451,0.663
280,0.48,0.099,1880.0,0.55,0.45,0.01,0.244,0.291,0.092,0.014,0.014,0.141,0.141,0.112,0.416,0.738
281,0.66,0.105,1813.0,0.584,0.416,0.07,0.413,0.276,0.065,0.044,0.044,0.109,0.109,0.335,0.503,0.799
282,0.53,0.13,1851.0,0.536,0.464,0.06,0.391,0.325,0.035,0.085,0.085,0.148,0.148,0.341,0.245,0.368
283,0.83,0.106,1783.0,0.472,0.528,0.02,0.341,0.158,0.078,0.08,0.08,0.122,0.122,0.213,0.527,0.698
284,0.77,0.105,1491.0,0.564,0.436,0.06,0.491,0.176,0.045,0.013,0.013,0.115,0.115,0.357,0.561,0.516
285,0.64,0.112,1601.0,0.424,0.576,0.02,0.471,0.252,0.066,0.094,0.094,0.165,0.165,0.346,0.26,0.619
286,0.62,0.099,1875.0,0.551,0.449,0.02,0.381,0.286,0.057,0.015,0.015,0.117,0.117,0.381,0.314,0.772
287,0.58,0.096,1506.0,0.569,0.431,0.06,0.323,0.179,0.098,0.038,0.038,0.145,0.145,0.429,0.277,0.392
288,0.5,0.124,1530.0,0.581,0.419,0.02,0.352,0.175,0.059,0.059,0.059,0.095,0.095,0.129,0.193,0.465
289,0.65,0.11,1758.0,0.454,0.546,0.06,0.366,0.334,0.043,0.097,0.097,0.17,0.17,0.36,0.135,0.691
290,0.4,0.105,1389.0,0.46,0.54,0.04,0.233,0.181,0.073,0.077,0.077,0.134,0.134,0.427,0.273,0.701
291,0.38,0.101,1621.0,0.479,0.521,0.07,0.361,0.349,0.035,0.015,0.015,0.162,0.162,0.166,0.521,0.738
292,0.53,0.113,1314.0,0.54,0.46,0.05,0.441,0.344,0.083,0.086,0.086,0.115,0.115,0.155,0.358,0.256
293,0.72,0.115,1345.0,0.414,0.586,0.09,0.328,0.243,0.08,0.09,0.09,0.14,0.14,0.379,0.556,0.28
294,0.55,0.103,1661.0,0.598,0.402,0.08,0.247,0.292,0.066,0.013,0.013,0.089,0.089,0.444,0.431,0.602
295,0.36,0.116,1585.0,0.422,0.578,0.07,0.32,0.249,0.061,0.045,0.045,0.138,0.138,0.103,0.146,0.306
296,0.71,0.09,1453.0,0.402,0.598,0.09,0.262,0.212,0.061,0.031,0.031,0.066,0.066,0.234,0.414,0.505
297,0.93,0.099,1350.0,0.441,0.559,0.01,0.338,0.183,0.06,0.06,0.06,0.058,0.058,0.426,0.223,0.27
298,0.75,0.086,1604.0,0.419,0.581,0.03,0.387,0.258,0.034,0.043,0.043,0.147,0.147,0.478,0.525,0.692
299,0.7,0.1,1714.0,0.403,0.597,0.02,0.24,0.26,0.046,0.023,0.023,0.153,0.153,0.254,0.509,0.614
300,0.71,0.108,1366.0,0.503,0.497,0.06,0.311,0.207,0.069,0.058,0.058,0.137,0.137,0.292,0.18,0.326
301,0.87,0.096,1739.0,0.568,0.432,0.08,0.405,0.321,0.092,0.078,0.078,0.106,0.106,0.417,0.47,0.544
302,0.39,0.113,1540.0,0.56,0.44,0.02,0.321,0.185,0.095,0.08,0.08,0.131,0.131,0.328,0.125,0.635
303,0.54,0.098,1744.0,0.562,0.438,0.05,0.205,0.23,0.049,0.005,0.005,0.122,0.122,0.383,0.17,0.768
304,0.64,0.111,1882.0,0.458,0.542,0.05,0.434,0.234,0.094,0.004,0.004,0.138,0.138,0.289,0.292,0.303
305,0.78,0.11,1428.0,0.563,0.437,0.06,0.425,0.256,0.05,0.084,0.084,0.154,0.154,0.474,0.306,0.385
306,0.7,0.122,1871.0,0.412,0.588,0.03,0.256,0.242,0.052,0.071,0.071,0.113,0.113,0.232,0.218,0.795
307,0.91,0.1,1599.0,0.548,0.452,0.02,0.432,0.207,0.068,0.068,0.068,0.063,0.063,0.283,0.145,0.394
308,0.96,0.094,1414.0,0.43,0.57,0.04,0.325,0.294,0.1,0.015,0.015,0.175,0.175,0.411,0.388,0.659
309,0.51,0.101,1821.0,0.561,0.439,0.02,0.412,0.336,0.095,0.098,0.098,0.123,0.123,0.446,0.14,0.497
310,0.79,0.109,1633.0,0.415,0.585,0.05,0.493,0.287,0.092,0.012,0.012,0.079,0.079,0.391,0.338,0.438
311,0.74,0.102,1393.0,0.422,0.578,0.08,0.299,0.207,0.081,0.094,0.094,0.14,0.14,0.439,0.206,0.477
312,0.69,0.103,1842.0,0.505,0.495,0.07,0.377,0.211,0.039,0.081,0.081,0.098,0.098,0.194,0.243,0.687
313,0.49,0.096,1822.0,0.58,0.42,0.07,0.31,0.199,0.031,0.072,0.072,0.128,0.128,0.368,0.142,0.642
314,0.66,0.112,1480.0,0.537,0.463,0.08,0.401,0.171,0.077,0.088,0.088,0.097,0.097,0.462,0.564,0.412
315,0.57,0.105,1680.0,0.552,0.448,0.08,0.452,0.229,0.055,0.082,0.082,0.142,0.142,0.328,0.376,0.277
316,0.48,0.103,1728.0,0.554,0.446,0.1,0.334,0.34,0.094,0.016,0.016,0.112,0.112,0.456,0.258,0.706
317,0.6,0.105,1790.0,0.579,0.421,0.08,0.431,0.303,0.039,0.047,0.047,0.144,0.144,0.46,0.532,0.356
318,0.87,0.102,1867.0,0.48,0.52,0.06,0.307,0.181,0.063,0.011,0.011,0.123,0.123,0.131,0.38,0.254
319,0.98,0.097,1895.0,0.48,0.52,0.07,0.493,0.324,0.046,0.036,0.036,0.107,0.107,0.405,0.579,0.501
320,0.59,0.119,1837.0,0.475,0.525,0.08,0.385,0.179,0.058,0.001,0.001,0.135,0.135,0.318,0.1,0.223
321,0.52,0.105,1380.0,0.468,0.532,0.08,0.382,0.344,0.043,0.074,0.074,0.128,0.128,0.387,0.296,0.701
322,0.35,0.102,1328.0,0.526,0.474,0.06,0.399,0.19,0.059,0.08,0.08,0.072,0.072,0.292,0.476,0.206
323,0.34,0.106,1498.0,0.516,0.484,0.04,0.331,0.229,0.045,0.095,0.095,0.106,0.106,0.306,0.429,0.204
324,0.32,0.093,1784.0,0.407,0.593,0.03,0.395,0.331,0.04,0.065,0.065,0.12,0.12,0.109,0.514,0.346
325,0.54,0.118,1696.0,0.471,0.529,0.09,0.332,0.231,0.045,0.065,0.065,0.133,0.133,0.18,0.374,0.563
326,0.48,0.113,1859.0,0.435,0.565,0.04,0.323,0.349,0.076,0.064,0.064,0.126,0.126,0.321,0.229,0.572
327,0.84,0.123,1791.0,0.544,0.456,0.05,0.48,0.174,0.056,0.017,0.017,0.151,0.151,0.121,0.461,0.269
328,0.59,0.106,1816.0,0.488,0.512,0.04,0.353,0.301,0.071,0.065,0.065,0.081,0.081,0.181,0.301,0.532
329,0.82,0.109,1782.0,0.503,0.497,0.03,0.477,0.281,0.083,0.088,0.088,0.151,0.151,0.497,0.424,0.537
330,0.44,0.089,1609.0,0.527,0.473,0.04,0.35,0.313,0.045,0.053,0.053,0.128,0.128,0.31,0.102,0.41
331,0.81,0.101,1848.0,0.559,0.441,0.08,0.488,0.325,0.055,0.051,0.051,0.129,0.129,0.183,0.421,0.475
332,0.77,0.117,1834.0,0.583,0.417,0.09,0.303,0.281,0.052,0.053,0.053,0.127,0.127,0.109,0.241,0.274
333,0.84,0.11,1800.0,0.464,0.536,0.02,0.421,0.319,0.056,0.045,0.045,0.144,0.144,0.144,0.161,0.52
334,0.47,0.115,1403.0,0.554,0.446,0.02,0.426,0.31,0.034,0.025,0.025,0.135,0.135,0.426,0.589,0.777
335,0.85,0.102,1507.0,0.587,0.413,0.06,0.221,0.182,0.056,0.095,0.095,0.141,0.141,0.392,0.346,0.248
336,0.48,0.104,1632.0,0.564,0.436,0.03,0.372,0.231,0.099,0.08,0.08,0.135,0.135,0.117,0.211,0.309
337,0.61,0.112,1437.0,0.508,0.492,0.07,0.309,0.21,0.086,0.069,0.069,0.153,0.153,0.416,0.532,0.537
338,0.72,0.112,1465.0,0.554,0.446,0.04,0.313,0.244,0.06,0.009,0.009,0.117,0.117,0.497,0.397,0.391
339,0.85,0.109,1375.0,0.465,0.535,0.06,0.241,0.261,0.094,0.087,0.087,0.09,0.09,0.313,0.583,0.49
340,0.49,0.103,1474.0,0.417,0.583,0.06,0.243,0.238,0.035,0.046,0.046,0.083,0.083,0.493,0.26,0.717
341,0.54,0.112,1566.0,0.452,0.548,0.03,0.265,0.194,0.097,0.084,0.084,0.148,0.148,0.224,0.458,0.557
342,0.85,0.114,1615.0,0.594,0.406,0.09,0.422,0.167,0.096,0.092,0.092,0.141,0.141,0.467,0.221,0.538
343,0.38,0.101,1324.0,0.591,0.409,0.09,0.289,0.194,0.064,0.077,0.077,0.129,0.129,0.404,0.176,0.4
344,0.98,0.098,1825.0,0.47,0.53,0.04,0.33,0.202,0.095,0.049,0.049,0.153,0.153,0.112,0.116,0.282
345,0.69,0.108,1361.0,0.596,0.404,0.07,0.335,0.325,0.095,0.046,0.046,0.117,0.117,0.324,0.465,0.721
346,0.44,0.124,1695.0,0.561,0.439,0.07,0.498,0.23,0.056,0.084,0.084,0.157,0.157,0.139,0.15,0.348
347,0.64,0.112,1409.0,0.473,0.527,0.09,0.419,0.159,0.056,0.047,0.047,0.115,0.115,0.101,0.528,0.207
348,0.52,0.111,1527.0,0.462,0.538,0.06,0.312,0.295,0.05,0.098,0.098,0.11,0.11,0.467,0.335,0.621
349,0.4,0.095,1771.0,0.558,0.442,0.05,0.266,0.291,0.065,0.1,0.1,0.136,0.136,0.247,0.535,0.379
350,0.73,0.104,1794.0,0.419,0.581,0.09,0.326,0.236,0.1,0.098,0.098,0.121,0.121,0.128,0.129,0.48
351,0.7,0.111,1305.0,0.454,0.546,0.08,0.289,0.344,0.06,0.067,0.067,0.16,0.16,0.495,0.51,0.414
352,0.97,0.104,1322.0,0.492,0.508,0.07,0.278,0.163,0.079,0.013,0.013,0.073,0.073,0.108,0.449,0.751
353,0.36,0.104,1415.0,0.53,0.47,0.03,0.328,0.199,0.073,0.037,0.037,0.151,0.151,0.492,0.46,0.674
354,0.39,0.112,1528.0,0.431,0.569,0.09,0.235,0.314,0.054,0.076,0.076,0.155,0.155,0.331,0.207,0.376
355,0.91,0.098,1342.0,0.499,0.501,0.03,0.314,0.308,0.084,0.015,0.015,0.119,0.119,0.21,0.33,0.205
356,0.7,0.104,1854.0,0.54,0.46,0.04,0.298,0.21,0.062,0.058,0.058,0.139,0.139,0.405,0.247,0.785
357,0.88,0.113,1735.0,0.548,0.452,0.08,0.271,0.204,0.031,0.035,0.035,0.116,0.116,0.499,0.54,0.303
358,0.81,0.103,1449.0,0.409,0.591,0.05,0.35,0.265,0.034,0.005,0.005,0.097,0.097,0.476,0.397,0.226
359,0.79,0.11,1514.0,0.589,0.411,0.01,0.333,0.237,0.036,0.052,0.052,0.109,0.109,0.274,0.593,0.603
360,0.39,0.116,1891.0,0.415,0.585,0.05,0.391,0.16,0.089,0.058,0.058,0.077,0.077,0.469,0.197,0.767
361,0.56,0.11,1532.0,0.492,0.508,0.03,0.248,0.33,0.067,0.018,0.018,0.079,0.079,0.158,0.52,0.319
362,0.43,0.098,1833.0,0.582,0.418,0.01,0.261,0.153,0.099,0.083,0.083,0.122,0.122,0.15,0.214,0.638
363,0.65,0.119,1652.0,0.448,0.552,0.09,0.315,0.288,0.072,0.038,0.038,0.103,0.103,0.319,0.297,0.577
364,0.91,0.114,1311.0,0.507,0.493,0.03,0.457,0.242,0.048,0.099,0.099,0.178,0.178,0.29,0.242,0.242
365,0.68,0.099,1695.0,0.456,0.544,0.01,0.211,0.186,0.051,0.06,0.06,0.104,0.104,0.135,0.171,0.257
366,0.46,0.103,1773.0,0.403,0.597,0.04,0.486,0.212,0.063,0.073,0.073,0.081,0.081,0.475,0.196,0.726
367,0.44,0.107,1320.0,0.537,0.463,0.07,0.439,0.338,0.033,0.045,0.045,0.145,0.145,0.406,0.21,0.473
368,0.9,0.11,1808.0,0.48,0.52,0.08,0.294,0.152,0.059,0.009,0.009,0.093,0.093,0.253,0.499,0.571
369,0.85,0.105,1892.0,0.499,0.501,0.04,0.459,0.189,0.036,0.071,0.071,0.059,0.059,0.278,0.311,0.51
370,0.39,0.125,1468.0,0.506,0.494,0.06,0.322,0.348,0.058,0.076,0.076,0.159,0.159,0.227,0.111,0.235
371,0.67,0.101,1396.0,0.528,0.472,0.04,0.49,0.191,0.093,0.044,0.044,0.101,0.101,0.498,0.378,0.452
372,0.46,0.102,1764.0,0.573,0.427,0.04,0.252,0.259,0.075,0.095,0.095,0.129,0.129,0.332,0.395,0.501
373,0.36,0.089,1844.0,0.581,0.419,0.08,0.482,0.256,0.093,0.076,0.076,0.062,0.062,0.271,0.133,0.248
374,0.52,0.1,1422.0,0.47,0.53,0.08,0.327,0.324,0.092,0.052,0.052,0.092,0.092,0.496,0.29,0.373
375,0.63,0.119,1669.0,0.416,0.584,0.04,0.443,0.286,0.057,0.076,0.076,0.104,0.104,0.279,0.392,0.797
376,0.97,0.098,1817.0,0.504,0.496,0.07,0.342,0.206,0.061,0.064,0.064,0.137,0.137,0.184,0.504,0.358
377,0.78,0.093,1738.0,0.424,0.576,0.07,0.396,0.323,0.035,0.03,0.03,0.11,0.11,0.273,0.505,0.776
378,0.46,0.088,1680.0,0.485,0.515,0.09,0.417,0.264,0.043,0.081,0.081,0.16,0.16,0.125,0.27,0.29
379,0.45,0.106,1412.0,0.535,0.465,0.03,0.241,0.345,0.058,0.095,0.095,0.154,0.154,0.276,0.34,0.649
380,0.84,0.114,1364.0,0.594,0.406,0.09,0.222,0.267,0.087,0.042,0.042,0.094,0.094,0.178,0.13,0.464
381,0.35,0.124,1359.0,0.483,0.517,0.04,0.387,0.236,0.054,0.035,0.035,0.124,0.124,0.167,0.411,0.524
382,0.37,0.112,1633.0,0.454,0.546,0.09,0.237,0.261,0.071,0.099,0.099,0.12,0.12,0.156,0.124,0.422
383,0.37,0.107,1888.0,0.543,0.457,0.08,0.206,0.275,0.063,0.029,0.029,0.132,0.132,0.262,0.382,0.449
384,0.88,0.109,1484.0,0.545,0.455,0.07,0.444,0.319,0.049,0.083,0.083,0.156,0.156,0.133,0.522,0.605
385,0.52,0.095,1862.0,0.401,0.599,0.05,0.349,0.323,0.096,0.041,0.041,0.13,0.13,0.351,0.449,0.544
386,0.44,0.106,1471.0,0.53,0.47,0.03,0.247,0.346,0.062,0.044,0.044,0.154,0.154,0.401,0.574,0.492
387,0.33,0.1,1308.0,0.587,0.413,0.05,0.475,0.304,0.038,0.022,0.022,0.096,0.096,0.327,0.245,0.699
388,0.35,0.112,1359.0,0.574,0.426,0.01,0.297,0.274,0.08,0.036,0.036,0.15,0.15,0.327,0.318,0.666
389,0.42,0.11,1361.0,0.484,0.516,0.06,0.33,0.279,0.078,0.087,0.087,0.145,0.145,0.261,0.227,0.623
390,0.35,0.091,1463.0,0.498,0.502,0.02,0.216,0.216,0.035,0.039,0.039,0.131,0.131,0.315,0.483,0.491
391,0.5,0.101,1870.0,0.5,0.5,0.07,0.289,0.298,0.089,0.099,0.099,0.121,0.121,0.474,0.422,0.241
392,0.48,0.11,1568.0,0.41,0.59,0.09,0.434,0.173,0.047,0.094,0.094,0.125,0.125,0.305,0.12,0.641
393,0.4,0.128,1368.0,0.5,0.5,0.06,0.378,0.166,0.069,0.002,0.002,0.099,0.099,0.493,0.428,0.622
394,0.77,0.097,1375.0,0.462,0.538,0.08,0.336,0.22,0.09,0.06,0.06,0.083,0.083,0.255,0.182,0.8
395,0.37,0.113,1777.0,0.436,0.564,0.02,0.237,0.266,0.07,0.082,0.082,0.147,0.147,0.442,0.122,0.725
396,0.68,0.101,1419.0,0.501,0.499,0.02,0.38,0.162,0.085,0.01,0.01,0.134,0.134,0.415,0.322,0.728
397,0.84,0.1,1640.0,0.484,0.516,0.09,0.251,0.192,0.091,0.07,0.07,0.095,0.095,0.458,0.362,0.489
398,0.6,0.123,1429.0,0.489,0.511,0.09,0.461,0.162,0.058,0.06,0.06,0.157,0.157,0.148,0.498,0.628
399,0.61,0.09,1496.0,0.592,0.408,0.03,0.379,0.169,0.075,0.044,0.044,0.1,0.1,0.459,0.246,0.678
400,0.4,0.109,1676.0,0.426,0.574,0.07,0.488,0.346,0.058,0.03,0.03,0.118,0.118,0.15,0.424,0.216
401,0.85,0.102,1885.0,0.58,0.42,0.02,0.371,0.252,0.064,0.061,0.061,0.094,0.094,0.219,0.278,0.675
402,0.91,0.127,1534.0,0.4,0.6,0.02,0.201,0.291,0.039,0.011,0.011,0.151,0.151,0.152,0.325,0.208
403,0.53,0.098,1589.0,0.406,0.594,0.04,0.433,0.33,0.063,0.023,0.023,0.171,0.171,0.487,0.336,0.633
404,0.71,0.107,1608.0,0.437,0.563,0.09,0.307,0.332,0.051,0.094,0.094,0.085,0.085,0.466,0.517,0.752
405,0.79,0.101,1750.0,0.597,0.403,0.09,0.227,0.177,0.1,0.015,0.015,0.118,0.118,0.104,0.303,0.366
406,0.62,0.103,1663.0,0.511,0.489,0.09,0.485,0.185,0.031,0.083,0.083,0.122,0.122,0.448,0.316,0.685
407,0.37,0.108,1531.0,0.5,0.5,0.02,0.344,0.294,0.053,0.024,0.024,0.076,0.076,0.387,0.269,0.59
408,0.71,0.107,1706.0,0.556,0.444,0.04,0.261,0.259,0.061,0.074,0.074,0.12,0.12,0.253,0.234,0.717
409,0.41,0.092,1614.0,0.409,0.591,0.04,0.438,0.168,0.079,0.077,0.077,0.1,0.1,0.239,0.33,0.527
410,0.79,0.102,1583.0,0.471,0.529,0.07,0.323,0.3,0.081,0.047,0.047,0.161,0.161,0.218,0.438,0.561
411,0.76,0.108,1603.0,0.513,0.487,0.03,0.215,0.224,0.053,0.03,0.03,0.1,0.1,0.401,0.551,0.645
412,0.45,0.107,1801.0,0.515,0.485,0.03,0.269,0.246,0.098,0.052,0.052,0.175,0.175,0.246,0.596,0.789
413,0.93,0.112,1317.0,0.47,0.53,0.1,0.375,0.309,0.057,0.024,0.024,0.147,0.147,0.118,0.425,0.386
414,0.58,0.113,1699.0,0.515,0.485,0.02,0.411,0.172,0.032,0.007,0.007,0.128,0.128,0.425,0.133,0.341
415,0.47,0.114,1578.0,0.502,0.498,0.05,0.256,0.302,0.084,0.008,0.008,0.112,0.112,0.282,0.101,0.318
416,0.41,0.107,1466.0,0.451,0.549,0.06,0.202,0.3,0.067,0.004,0.004,0.114,0.114,0.465,0.265,0.35
417,0.37,0.105,1382.0,0.414,0.586,0.09,0.276,0.246,0.084,0.074,0.074,0.096,0.096,0.246,0.385,0.296
418,0.64,0.09,1715.0,0.561,0.439,0.03,0.306,0.343,0.052,0.088,0.088,0.083,0.083,0.348,0.209,0.375
419,0.83,0.101,1848.0,0.405,0.595,0.07,0.239,0.327,0.071,0.0,0.0,0.138,0.138,0.376,0.172,0.437
420,0.41,0.105,1513.0,0.405,0.595,0.08,0.31,0.263,0.053,0.083,0.083,0.122,0.122,0.243,0.368,0.407
421,0.87,0.095,1890.0,0.588,0.412,0.03,0.216,0.222,0.097,0.088,0.088,0.107,0.107,0.175,0.521,0.682
422,0.95,0.11,1552.0,0.543,0.457,0.08,0.331,0.251,0.082,0.077,0.077,0.131,0.131,0.448,0.591,0.72
423,0.41,0.112,1760.0,0.558,0.442,0.09,0.468,0.23,0.06,0.071,0.071,0.113,0.113,0.12,0.359,0.784
424,0.66,0.102,1792.0,0.596,0.404,0.06,0.409,0.24,0.096,0.035,0.035,0.091,0.091,0.403,0.116,0.749
425,0.92,0.089,1434.0,0.427,0.573,0.1,0.429,0.209,0.072,0.059,0.059,0.134,0.134,0.464,0.109,0.77
426,0.37,0.101,1843.0,0.595,0.405,0.04,0.372,0.257,0.062,0.07,0.07,0.082,0.082,0.418,0.249,0.771
427,0.3,0.109,1629.0,0.405,0.595,0.03,0.296,0.155,0.091,0.074,0.074,0.133,0.133,0.202,0.559,0.519
428,0.96,0.106,1598.0,0.523,0.477,0.06,0.384,0.167,0.093,0.05,0.05,0.156,0.156,0.23,0.348,0.535
429,0.33,0.111,1711.0,0.543,0.457,0.07,0.227,0.249,0.039,0.028,0.028,0.09,0.09,0.49,0.32,0.762
430,0.72,0.11,1796.0,0.553,0.447,0.06,0.345,0.34,0.037,0.097,0.097,0.132,0.132,0.264,0.535,0.665
431,0.34,0.112,1512.0,0.573,0.427,0.03,0.467,0.272,0.031,0.023,0.023,0.086,0.086,0.39,0.429,0.752
432,0.33,0.103,1756.0,0.592,0.408,0.05,0.219,0.204,0.088,0.084,0.084,0.153,0.153,0.463,0.483,0.252
433,0.38,0.115,1673.0,0.486,0.514,0.04,0.401,0.168,0.032,0.073,0.073,0.111,0.111,0.485,0.558,0.637
434,0.51,0.108,1852.0,0.496,0.504,0.08,0.473,0.31,0.031,0.034,0.034,0.124,0.124,0.235,0.443,0.722
435,0.5,0.101,1897.0,0.552,0.448,0.1,0.44,0.227,0.061,0.027,0.027,0.133,0.133,0.244,0.29,0.376
436,0.47,0.105,1591.0,0.589,0.411,0.07,0.378,0.241,0.063,0.052,0.052,0.113,0.113,0.102,0.402,0.753
437,0.42,0.109,1863.0,0.459,0.541,0.05,0.423,0.329,0.054,0.066,0.066,0.164,0.164,0.133,0.574,0.777
438,0.58,0.099,1546.0,0.509,0.491,0.1,0.481,0.33,0.076,0.041,0.041,0.092,0.092,0.187,0.479,0.236
439,0.8,0.117,1673.0,0.445,0.555,0.05,0.417,0.182,0.042,0.03,0.03,0.12,0.12,0.244,0.136,0.743
440,0.57,0.108,1876.0,0.464,0.536,0.07,0.258,0.18,0.065,0.068,0.068,0.158,0.158,0.48,0.121,0.486
441,0.68,0.106,1711.0,0.533,0.467,0.09,0.371,0.297,0.092,0.006,0.006,0.165,0.165,0.323,0.425,0.336
442,0.41,0.103,1716.0,0.402,0.598,0.09,0.243,0.27,0.074,0.063,0.063,0.129,0.129,0.44,0.199,0.459
443,0.55,0.106,1401.0,0.504,0.496,0.06,0.44,0.277,0.056,0.064,0.064,0.133,0.133,0.123,0.565,0.515
444,0.87,0.091,1706.0,0.547,0.453,0.1,0.263,0.25,0.071,0.099,0.099,0.106,0.106,0.437,0.312,0.353
445,0.96,0.098,1614.0,0.495,0.505,0.09,0.292,0.339,0.097,0.092,0.092,0.142,0.142,0.319,0.505,0.36
446,0.39,0.107,1734.0,0.506,0.494,0.02,0.496,0.221,0.082,0.082,0.082,0.113,0.113,0.167,0.371,0.628
447,0.68,0.099,1459.0,0.476,0.524,0.06,0.386,0.159,0.074,0.085,0.085,0.085,0.085,0.396,0.506,0.661
448,0.73,0.107,1573.0,0.555,0.445,0.02,0.473,0.274,0.078,0.069,0.069,0.102,0.102,0.483,0.474,0.48
449,0.8,0.1,1691.0,0.404,0.596,0.05,0.471,0.178,0.069,0.079,0.079,0.152,0.152,0.135,0.529,0.304
450,0.68,0.108,1592.0,0.418,0.582,0.04,0.272,0.334,0.073,0.023,0.023,0.123,0.123,0.435,0.595,0.785
451,0.46,0.104,1626.0,0.457,0.543,0.03,0.381,0.239,0.079,0.027,0.027,0.13,0.13,0.424,0.174,0.564
452,0.98,0.094,1497.0,0.494,0.506,0.04,0.276,0.317,0.063,0.081,0.081,0.155,0.155,0.384,0.118,0.337
453,0.65,0.095,1346.0,0.481,0.519,0.08,0.487,0.185,0.093,0.041,0.041,0.097,0.097,0.408,0.311,0.472
454,0.65,0.099,1565.0,0.599,0.401,0.05,0.494,0.222,0.067,0.049,0.049,0.093,0.093,0.432,0.293,0.796
455,0.37,0.103,1881.0,0.537,0.463,0.01,0.253,0.337,0.097,0.033,0.033,0.116,0.116,0.344,0.572,0.286
456,0.77,0.102,1657.0,0.484,0.516,0.07,0.239,0.225,0.072,0.016,0.016,0.148,0.148,0.181,0.336,0.671
457,0.43,0.084,1882.0,0.533,0.467,0.06,0.229,0.298,0.068,0.095,0.095,0.122,0.122,0.354,0.37,0.74
458,0.52,0.109,1325.0,0.523,0.477,0.02,0.339,0.236,0.056,0.009,0.009,0.142,0.142,0.282,0.434,0.69
459,0.82,0.096,1457.0,0.594,0.406,0.04,0.261,0.324,0.059,0.026,0.026,0.123,0.123,0.195,0.163,0.414
460,0.32,0.101,1726.0,0.598,0.402,0.02,0.27,0.184,0.08,0.096,0.096,0.11,0.11,0.436,0.188,0.778
461,0.43,0.105,1525.0,0.586,0.414,0.07,0.5,0.336,0.086,0.014,0.014,0.136,0.136,0.403,0.226,0.218
462,0.45,0.091,1635.0,0.409,0.591,0.04,0.225,0.316,0.08,0.079,0.079,0.15,0.15,0.416,0.188,0.298
463,0.45,0.105,1429.0,0.443,0.557,0.02,0.281,0.304,0.054,0.088,0.088,0.137,0.137,0.454,0.263,0.2
464,0.86,0.107,1326.0,0.422,0.578,0.07,0.246,0.165,0.069,0.031,0.031,0.15,0.15,0.189,0.497,0.398
465,0.67,0.091,1376.0,0.426,0.574,0.09,0.362,0.157,0.044,0.078,0.078,0.14,0.14,0.141,0.515,0.425
466,0.46,0.1,1461.0,0.439,0.561,0.08,0.497,0.225,0.047,0.026,0.026,0.114,0.114,0.339,0.545,0.773
467,0.56,0.101,1709.0,0.442,0.558,0.03,0.402,0.246,0.04,0.004,0.004,0.158,0.158,0.164,0.498,0.333
468,0.94,0.117,1832.0,0.443,0.557,0.08,0.346,0.241,0.098,0.056,0.056,0.102,0.102,0.41,0.238,0.452
469,0.7,0.098,1847.0,0.406,0.594,0.04,0.394,0.343,0.041,0.033,0.033,0.14,0.14,0.336,0.491,0.381
470,0.97,0.105,1520.0,0.588,0.412,0.03,0.425,0.289,0.081,0.017,0.017,0.142,0.142,0.187,0.326,0.231
471,0.55,0.091,1761.0,0.458,0.542,0.08,0.217,0.322,0.073,0.066,0.066,0.139,0.139,0.455,0.12,0.234
472,0.56,0.096,1510.0,0.508,0.492,0.01,0.23,0.249,0.036,0.089,0.089,0.141,0.141,0.134,0.309,0.517
473,0.81,0.104,1433.0,0.467,0.533,0.04,0.231,0.34,0.034,0.006,0.006,0.142,0.142,0.189,0.554,0.774
474,0.6,0.106,1558.0,0.541,0.459,0.04,0.347,0.316,0.03,0.05,0.05,0.144,0.144,0.199,0.332,0.391
475,0.32,0.089,1487.0,0.51,0.49,0.03,0.343,0.335,0.085,0.052,0.052,0.11,0.11,0.47,0.57,0.747
476,0.79,0.108,1725.0,0.429,0.571,0.09,0.414,0.324,0.04,0.09,0.09,0.125,0.125,0.237,0.519,0.494
477,0.39,0.103,1666.0,0.585,0.415,0.06,0.348,0.234,0.039,0.086,0.086,0.118,0.118,0.223,0.302,0.201
478,0.54,0.105,1723.0,0.483,0.517,0.06,0.309,0.187,0.053,0.087,0.087,0.136,0.136,0.433,0.555,0.648
479,0.5,0.108,1569.0,0.521,0.479,0.08,0.304,0.17,0.038,0.014,0.014,0.063,0.063,0.482,0.201,0.467
480,0.48,0.095,1340.0,0.567,0.433,0.07,0.476,0.159,0.075,0.092,0.092,0.16,0.16,0.1,0.32,0.551
481,0.47,0.106,1363.0,0.519,0.481,0.02,0.45,0.225,0.038,0.068,0.068,0.138,0.138,0.432,0.401,0.73
482,0.73,0.111,1501.0,0.545,0.455,0.04,0.403,0.318,0.083,0.055,0.055,0.149,0.149,0.146,0.158,0.213
483,0.33,0.097,1829.0,0.481,0.519,0.04,0.295,0.215,0.065,0.024,0.024,0.167,0.167,0.344,0.573,0.704
484,0.89,0.104,1779.0,0.518,0.482,0.07,0.31,0.296,0.059,0.07,0.07,0.121,0.121,0.198,0.232,0.606
485,0.77,0.114,1763.0,0.433,0.567,0.02,0.489,0.253,0.086,0.002,0.002,0.079,0.079,0.163,0.543,0.61
486,0.41,0.111,1540.0,0.509,0.491,0.07,0.442,0.333,0.068,0.012,0.012,0.131,0.131,0.127,0.313,0.657
487,0.89,0.115,1813.0,0.511,0.489,0.08,0.447,0.275,0.073,0.064,0.064,0.131,0.131,0.291,0.544,0.604
488,0.59,0.09,1600.0,0.463,0.537,0.03,0.258,0.349,0.099,0.054,0.054,0.154,0.154,0.26,0.127,0.496
489,0.73,0.097,1434.0,0.436,0.564,0.02,0.321,0.247,0.082,0.014,0.014,0.119,0.119,0.4,0.107,0.266
490,0.83,0.107,1333.0,0.536,0.464,0.02,0.281,0.307,0.07,0.018,0.018,0.077,0.077,0.436,0.192,0.485
491,0.56,0.114,1494.0,0.489,0.511,0.06,0.298,0.293,0.037,0.029,0.029,0.129,0.129,0.196,0.169,0.299
492,0.44,0.11,1746.0,0.416,0.584,0.08,0.483,0.156,0.084,0.049,0.049,0.139,0.139,0.425,0.366,0.627
493,0.47,0.108,1630.0,0.425,0.575,0.08,0.226,0.237,0.033,0.062,0.062,0.134,0.134,0.397,0.195,0.404
494,0.95,0.106,1705.0,0.568,0.432,0.05,0.254,0.251,0.053,0.07,0.07,0.12,0.12,0.215,0.149,0.344
495,0.87,0.114,1869.0,0.522,0.478,0.02,0.474,0.281,0.073,0.081,0.081,0.108,0.108,0.486,0.286,0.211
496,0.53,0.104,1611.0,0.425,0.575,0.05,0.299,0.206,0.054,0.041,0.041,0.071,0.071,0.129,0.307,0.559
497,0.75,0.1,1803.0,0.455,0.545,0.03,0.499,0.342,0.06,0.095,0.095,0.136,0.136,0.297,0.559,0.712
498,0.94,0.108,1353.0,0.522,0.478,0.06,0.213,0.336,0.03,0.034,0.034,0.167,0.167,0.148,0.426,0.471
499,0.58,0.102,1576.0,0.444,0.556,0.01,0.336,0.238,0.07,0.054,0.054,0.169,0.169,0.199,0.502,0.613
500,0.86,0.092,1730.0,0.544,0.456,0.08,0.202,0.284,0.059,0.021,0.021,0.121,0.121,0.145,0.28,0.211
501,0.34,0.107,1649.0,0.549,0.451,0.04,0.423,0.197,0.084,0.051,0.051,0.137,0.137,0.132,0.183,0.457
502,0.66,0.101,1797.0,0.525,0.475,0.01,0.369,0.304,0.042,0.046,0.046,0.086,0.086,0.222,0.254,0.283
503,0.88,0.107,1879.0,0.403,0.597,0.03,0.329,0.167,0.085,0.001,0.001,0.123,0.123,0.478,0.199,0.596
504,0.94,0.101,1683.0,0.471,0.529,0.05,0.238,0.166,0.088,0.041,0.041,0.09,0.09,0.228,0.355,0.798
505,0.85,0.111,1305.0,0.568,0.432,0.08,0.397,0.18,0.072,0.0,0.0,0.151,0.151,0.267,0.27,0.736
506,0.58,0.093,1836.0,0.542,0.458,0.01,0.34,0.262,0.064,0.036,0.036,0.108,0.108,0.433,0.403,0.499
507,0.36,0.116,1664.0,0.492,0.508,0.06,0.263,0.215,0.085,0.024,0.024,0.125,0.125,0.256,0.118,0.789
508,0.94,0.102,1482.0,0.488,0.512,0.06,0.376,0.282,0.038,0.099,0.099,0.089,0.089,0.485,0.567,0.621
509,0.56,0.107,1700.0,0.551,0.449,0.01,0.403,0.312,0.08,0.039,0.039,0.152,0.152,0.303,0.148,0.259
510,0.62,0.117,1701.0,0.519,0.481,0.05,0.24,0.272,0.088,0.012,0.012,0.098,0.098,0.417,0.432,0.26
511,0.38,0.107,1883.0,0.443,0.557,0.01,0.29,0.214,0.06,0.086,0.086,0.114,0.114,0.499,0.219,0.329
512,0.41,0.106,1554.0,0.414,0.586,0.03,0.359,0.203,0.049,0.034,0.034,0.158,0.158,0.262,0.294,0.33
513,0.93,0.095,1450.0,0.429,0.571,0.05,0.203,0.193,0.042,0.063,0.063,0.164,0.164,0.116,0.481,0.767
514,0.51,0.111,1335.0,0.41,0.59,0.05,0.293,0.171,0.088,0.091,0.091,0.069,0.069,0.409,0.533,0.363
515,0.61,0.109,1649.0,0.424,0.576,0.05,0.22,0.214,0.071,0.079,0.079,0.173,0.173,0.206,0.212,0.405
516,0.98,0.093,1421.0,0.556,0.444,0.02,0.204,0.234,0.034,0.079,0.079,0.123,0.123,0.43,0.293,0.503
517,0.62,0.099,1378.0,0.532,0.468,0.01,0.282,0.183,0.049,0.007,0.007,0.152,0.152,0.249,0.384,0.437
518,0.95,0.105,1356.0,0.43,0.57,0.07,0.39,0.317,0.032,0.055,0.055,0.148,0.148,0.407,0.585,0.388
519,0.88,0.104,1640.0,0.447,0.553,0.06,0.24,0.321,0.061,0.059,0.059,0.137,0.137,0.136,0.13,0.226
520,0.34,0.109,1549.0,0.521,0.479,0.02,0.264,0.266,0.04,0.04,0.04,0.131,0.131,0.303,0.47,0.592
521,0.8,0.11,1382.0,0.519,0.481,0.08,0.416,0.24,0.069,0.057,0.057,0.116,0.116,0.355,0.548,0.407
522,0.89,0.097,1778.0,0.472,0.528,0.05,0.374,0.283,0.095,0.082,0.082,0.133,0.133,0.354,0.267,0.488
523,0.3,0.093,1585.0,0.589,0.411,0.03,0.23,0.209,0.03,0.059,0.059,0.173,0.173,0.296,0.167,0.316
524,0.92,0.112,1611.0,0.413,0.587,0.05,0.339,0.218,0.048,0.031,0.031,0.164,0.164,0.374,0.471,0.343
525,0.74,0.108,1301.0,0.538,0.462,0.07,0.399,0.238,0.053,0.033,0.033,0.055,0.055,0.495,0.132,0.513
526,0.97,0.092,1554.0,0.553,0.447,0.05,0.234,0.295,0.052,0.005,0.005,0.136,0.136,0.309,0.464,0.487
527,0.32,0.111,1690.0,0.493,0.507,0.02,0.475,0.244,0.076,0.053,0.053,0.154,0.154,0.322,0.305,0.273
528,0.98,0.107,1661.0,0.451,0.549,0.09,0.436,0.299,0.04,0.043,0.043,0.11,0.11,0.464,0.185,0.654
529,0.61,0.096,1708.0,0.505,0.495,0.02,0.472,0.301,0.086,0.018,0.018,0.173,0.173,0.224,0.389,0.353
530,0.79,0.11,1795.0,0.574,0.426,0.06,0.367,0.249,0.087,0.022,0.022,0.128,0.128,0.443,0.436,0.506
531,0.31,0.104,1445.0,0.493,0.507,0.06,0.427,0.183,0.076,0.015,0.015,0.087,0.087,0.177,0.268,0.741
532,0.42,0.109,1430.0,0.532,0.468,0.06,0.363,0.235,0.093,0.019,0.019,0.064,0.064,0.324,0.391,0.65
533,0.65,0.094,1831.0,0.44,0.56,0.07,0.301,0.154,0.057,0.018,0.018,0.137,0.137,0.352,0.465,0.509
534,0.76,0.105,1752.0,0.527,0.473,0.08,0.462,0.258,0.079,0.001,0.001,0.155,0.155,0.31,0.352,0.779
535,0.82,0.108,1538.0,0.428,0.572,0.08,0.411,0.272,0.033,0.033,0.033,0.148,0.148,0.413,0.454,0.272
536,0.99,0.088,1875.0,0.469,0.531,0.04,0.286,0.228,0.074,0.007,0.007,0.074,0.074,0.396,0.486,0.228
537,0.78,0.114,1658.0,0.512,0.488,0.08,0.283,0.15,0.062,0.054,0.054,0.105,0.105,0.183,0.536,0.454
538,0.67,0.097,1441.0,0.426,0.574,0.05,0.213,0.248,0.041,0.062,0.062,0.149,0.149,0.329,0.372,0.62
539,0.62,0.092,1549.0,0.578,0.422,0.06,0.45,0.345,0.053,0.056,0.056,0.161,0.161,0.258,0.435,0.761
540,0.74,0.096,1747.0,0.5,0.5,0.08,0.273,0.151,0.076,0.083,0.083,0.12,0.12,0.119,0.299,0.561
541,0.44,0.087,1626.0,0.401,0.599,0.04,0.285,0.313,0.057,0.008,0.008,0.117,0.117,0.373,0.588,0.258
542,0.67,0.104,1466.0,0.476,0.524,0.03,0.316,0.164,0.072,0.006,0.006,0.163,0.163,0.325,0.164,0.673
543,0.84,0.104,1743.0,0.57,0.43,0.07,0.201,0.274,0.034,0.05,0.05,0.067,0.067,0.197,0.235,0.548
544,0.83,0.087,1693.0,0.517,0.483,0.01,0.427,0.275,0.099,0.08,0.08,0.161,0.161,0.127,0.123,0.6
545,0.7,0.102,1462.0,0.524,0.476,0.05,0.386,0.312,0.039,0.009,0.009,0.116,0.116,0.489,0.23,0.224
546,0.49,0.118,1456.0,0.559,0.441,0.04,0.268,0.178,0.054,0.019,0.019,0.091,0.091,0.124,0.393,0.528
547,0.97,0.096,1718.0,0.577,0.423,0.04,0.365,0.341,0.043,0.001,0.001,0.116,0.116,0.288,0.472,0.212
548,0.56,0.113,1732.0,0.566,0.434,0.05,0.277,0.237,0.037,0.003,0.003,0.131,0.131,0.431,0.447,0.486
549,0.55,0.104,1820.0,0.562,0.438,0.03,0.294,0.258,0.074,0.067,0.067,0.148,0.148,0.365,0.398,0.288
550,0.75,0.117,1815.0,0.479,0.521,0.05,0.484,0.342,0.072,0.062,0.062,0.151,0.151,0.363,0.595,0.633
551,0.43,0.108,1354.0,0.478,0.522,0.06,0.356,0.333,0.081,0.067,0.067,0.156,0.156,0.174,0.459,0.28
552,0.87,0.096,1689.0,0.597,0.403,0.06,0.441,0.254,0.075,0.057,0.057,0.176,0.176,0.172,0.538,0.688
553,0.4,0.103,1885.0,0.456,0.544,0.09,0.287,0.308,0.088,0.008,0.008,0.125,0.125,0.422,0.491,0.655
554,0.77,0.101,1857.0,0.585,0.415,0.06,0.257,0.246,0.053,0.074,0.074,0.084,0.084,0.381,0.547,0.746
555,0.67,0.102,1697.0,0.436,0.564,0.01,0.485,0.203,0.074,0.066,0.066,0.148,0.148,0.404,0.22,0.679
556,0.95,0.102,1561.0,0.485,0.515,0.08,0.356,0.191,0.059,0.021,0.021,0.075,0.075,0.212,0.562,0.403
557,0.82,0.091,1574.0,0.567,0.433,0.06,0.27,0.222,0.096,0.006,0.006,0.16,0.16,0.41,0.432,0.68
558,0.63,0.115,1545.0,0.525,0.475,0.05,0.433,0.296,0.089,0.093,0.093,0.08,0.08,0.189,0.552,0.21
559,0.99,0.098,1684.0,0.521,0.479,0.06,0.217,0.189,0.065,0.096,0.096,0.157,0.157,0.191,0.399,0.295
560,0.7,0.12,1542.0,0.585,0.415,0.09,0.464,0.269,0.068,0.018,0.018,0.139,0.139,0.28,0.157,0.76
561,0.83,0.111,1331.0,0.434,0.566,0.03,0.436,0.162,0.081,0.045,0.045,0.149,0.149,0.209,0.452,0.644
562,0.9,0.115,1803.0,0.508,0.492,0.1,0.219,0.2,0.038,0.069,0.069,0.136,0.136,0.375,0.276,0.307
563,0.92,0.09,1400.0,0.529,0.471,0.07,0.315,0.35,0.055,0.003,0.003,0.129,0.129,0.311,0.575,0.202
564,0.72,0.119,1475.0,0.438,0.562,0.02,0.297,0.233,0.079,0.061,0.061,0.088,0.088,0.12,0.434,0.432
565,0.87,0.102,1749.0,0.481,0.519,0.01,0.369,0.299,0.05,0.022,0.022,0.14,0.14,0.154,0.388,0.413
566,0.87,0.115,1370.0,0.512,0.488,0.1,0.419,0.213,0.087,0.04,0.04,0.139,0.139,0.379,0.58,0.513
567,0.52,0.116,1744.0,0.541,0.459,0.06,0.326,0.22,0.073,0.058,0.058,0.091,0.091,0.287,0.459,0.324
568,0.56,0.111,1440.0,0.453,0.547,0.08,0.205,0.205,0.032,0.085,0.085,0.149,0.149,0.477,0.239,0.228
569,0.68,0.1,1622.0,0.528,0.472,0.1,0.27,0.209,0.081,0.071,0.071,0.066,0.066,0.411,0.326,0.586
570,0.92,0.093,1333.0,0.538,0.462,0.03,0.389,0.154,0.041,0.021,0.021,0.136,0.136,0.313,0.147,0.597
571,0.35,0.12,1820.0,0.515,0.485,0.08,0.268,0.347,0.083,0.059,0.059,0.125,0.125,0.473,0.39,0.566
572,0.76,0.106,1780.0,0.498,0.502,0.05,0.279,0.322,0.041,0.055,0.055,0.099,0.099,0.377,0.151,0.639
573,0.61,0.107,1759.0,0.578,0.422,0.05,0.224,0.279,0.035,0.036,0.036,0.127,0.127,0.236,0.209,0.416
574,0.83,0.104,1458.0,0.411,0.589,0.05,0.466,0.28,0.038,0.01,0.01,0.153,0.153,0.157,0.205,0.675
575,0.33,0.108,1443.0,0.572,0.428,0.07,0.367,0.322,0.051,0.04,0.04,0.144,0.144,0.27,0.239,0.484
576,0.73,0.094,1878.0,0.448,0.552,0.09,0.346,0.224,0.065,0.055,0.055,0.082,0.082,0.16,0.237,0.342
577,0.76,0.117,1388.0,0.517,0.483,0.01,0.232,0.195,0.065,0.034,0.034,0.141,0.141,0.152,0.184,0.585
578,0.73,0.108,1720.0,0.413,0.587,0.09,0.47,0.345,0.072,0.035,0.035,0.17,0.17,0.161,0.523,0.469
579,0.45,0.109,1392.0,0.587,0.413,0.05,0.345,0.222,0.032,0.053,0.053,0.13,0.13,0.468,0.288,0.468
580,0.79,0.109,1844.0,0.478,0.522,0.1,0.305,0.263,0.062,0.082,0.082,0.078,0.078,0.341,0.349,0.756
581,0.99,0.116,1807.0,0.502,0.498,0.04,0.443,0.193,0.052,0.056,0.056,0.075,0.075,0.383,0.508,0.399
582,0.51,0.111,1780.0,0.444,0.556,0.09,0.353,0.292,0.043,0.014,0.014,0.149,0.149,0.395,0.501,0.734
583,0.44,0.099,1893.0,0.474,0.526,0.07,0.404,0.214,0.03,0.0,0.0,0.168,0.168,0.471,0.286,0.637
584,0.72,0.112,1823.0,0.575,0.425,0.05,0.416,0.337,0.042,0.055,0.055,0.154,0.154,0.27,0.155,0.253
585,0.34,0.117,1477.0,0.522,0.478,0.1,0.364,0.167,0.062,0.063,0.063,0.152,0.152,0.33,0.386,0.349
586,0.54,0.107,1312.0,0.427,0.573,0.07,0.267,0.242,0.041,0.064,0.064,0.097,0.097,0.457,0.577,0.347
587,0.5,0.085,1665.0,0.412,0.588,0.1,0.283,0.242,0.069,0.054,0.054,0.171,0.171,0.198,0.114,0.42
588,0.86,0.099,1491.0,0.487,0.513,0.05,0.337,0.152,0.035,0.091,0.091,0.149,0.149,0.347,0.231,0.54
589,0.54,0.085,1427.0,0.575,0.425,0.1,0.47,0.239,0.071,0.029,0.029,0.169,0.169,0.162,0.419,0.244
590,0.54,0.103,1890.0,0.432,0.568,0.08,0.318,0.226,0.093,0.021,0.021,0.142,0.142,0.192,0.175,0.568
591,0.32,0.098,1624.0,0.401,0.599,0.06,0.3,0.341,0.046,0.093,0.093,0.098,0.098,0.394,0.225,0.495
592,0.42,0.103,1770.0,0.453,0.547,0.07,0.352,0.307,0.047,0.074,0.074,0.099,0.099,0.38,0.513,0.243
593,0.62,0.111,1544.0,0.576,0.424,0.01,0.326,0.22,0.076,0.097,0.097,0.121,0.121,0.336,0.106,0.78
594,0.89,0.105,1502.0,0.546,0.454,0.04,0.447,0.169,0.038,0.024,0.024,0.151,0.151,0.42,0.25,0.474
595,0.75,0.101,1894.0,0.6,0.4,0.06,0.349,0.221,0.084,0.092,0.092,0.073,0.073,0.308,0.568,0.31
596,0.74,0.114,1409.0,0.593,0.407,0.04,0.407,0.202,0.039,0.025,0.025,0.109,0.109,0.337,0.323,0.288
597,0.59,0.103,1527.0,0.419,0.581,0.09,0.317,0.228,0.051,0.028,0.028,0.13,0.13,0.476,0.347,0.588
598,0.31,0.103,1579.0,0.571,0.429,0.07,0.256,0.244,0.04,0.083,0.083,0.109,0.109,0.481,0.496,0.67
599,0.49,0.117,1637.0,0.526,0.474,0.04,0.362,0.339,0.05,0.012,0.012,0.127,0.127,0.267,0.137,0.371
600,0.86,0.11,1806.0,0.578,0.422,0.04,0.465,0.197,0.06,0.069,0.069,0.114,0.114,0.333,0.152,0.55
601,0.32,0.096,1874.0,0.506,0.494,0.05,0.41,0.333,0.094,0.028,0.028,0.122,0.122,0.385,0.456,0.292
602,0.48,0.099,1860.0,0.531,0.469,0.09,0.412,0.339,0.055,0.034,0.034,0.135,0.135,0.163,0.19,0.557
603,0.72,0.11,1718.0,0.546,0.454,0.02,0.446,0.227,0.089,0.047,0.047,0.111,0.111,0.161,0.108,0.23
604,0.91,0.103,1533.0,0.513,0.487,0.06,0.343,0.267,0.072,0.007,0.007,0.134,0.134,0.266,0.43,0.381
605,0.89,0.107,1303.0,0.442,0.558,0.05,0.439,0.265,0.033,0.039,0.039,0.076,0.076,0.185,0.351,0.711
606,0.63,0.11,1593.0,0.417,0.583,0.02,0.37,0.212,0.048,0.038,0.038,0.144,0.144,0.214,0.356,0.525
607,0.92,0.1,1452.0,0.52,0.48,0.06,0.478,0.316,0.037,0.019,0.019,0.073,0.073,0.362,0.274,0.616
608,0.7,0.094,1398.0,0.487,0.513,0.09,0.267,0.18,0.097,0.011,0.011,0.068,0.068,0.302,0.289,0.22
609,0.82,0.111,1440.0,0.562,0.438,0.03,0.236,0.252,0.096,0.049,0.049,0.174,0.174,0.326,0.212,0.384
610,0.52,0.118,1606.0,0.455,0.545,0.05,0.21,0.28,0.047,0.067,0.067,0.118,0.118,0.26,0.186,0.34
611,0.95,0.092,1651.0,0.429,0.571,0.05,0.306,0.228,0.03,0.092,0.092,0.119,0.119,0.171,0.44,0.553
612,0.55,0.101,1537.0,0.468,0.532,0.09,0.275,0.308,0.04,0.037,0.037,0.145,0.145,0.358,0.413,0.735
613,0.58,0.116,1742.0,0.48,0.52,0.09,0.212,0.27,0.098,0.06,0.06,0.14,0.14,0.13,0.221,0.312
614,0.31,0.101,1679.0,0.548,0.452,0.07,0.203,0.16,0.035,0.039,0.039,0.165,0.165,0.242,0.599,0.466
615,0.67,0.101,1589.0,0.488,0.512,0.09,0.409,0.153,0.063,0.042,0.042,0.143,0.143,0.144,0.265,0.651
616,0.35,0.099,1300.0,0.531,0.469,0.04,0.221,0.35,0.089,0.094,0.094,0.103,0.103,0.178,0.489,0.66
617,0.32,0.101,1678.0,0.471,0.529,0.03,0.276,0.266,0.076,0.02,0.02,0.125,0.125,0.3,0.467,0.588
618,0.31,0.116,1636.0,0.432,0.568,0.08,0.454,0.219,0.081,0.068,0.068,0.166,0.166,0.47,0.49,0.67
619,0.43,0.107,1443.0,0.583,0.417,0.03,0.467,0.184,0.085,0.06,0.06,0.148,0.148,0.442,0.524,0.436
620,0.78,0.119,1677.0,0.45,0.55,0.1,0.398,0.289,0.05,0.002,0.002,0.163,0.163,0.414,0.254,0.292
621,0.49,0.105,1846.0,0.527,0.473,0.07,0.415,0.173,0.049,0.036,0.036,0.135,0.135,0.369,0.107,0.435
622,0.52,0.12,1478.0,0.449,0.551,0.04,0.211,0.184,0.031,0.02,0.02,0.105,0.105,0.391,0.408,0.37
623,0.57,0.094,1316.0,0.466,0.534,0.05,0.206,0.195,0.05,0.027,0.027,0.15,0.15,0.297,0.394,0.427
624,0.38,0.113,1613.0,0.477,0.523,0.03,0.308,0.31,0.059,0.019,0.019,0.161,0.161,0.237,0.253,0.362
625,0.47,0.119,1307.0,0.578,0.422,0.09,0.36,0.338,0.086,0.023,0.023,0.108,0.108,0.325,0.251,0.703
626,0.77,0.103,1774.0,0.597,0.403,0.02,0.487,0.157,0.087,0.02,0.02,0.159,0.159,0.299,0.361,0.764
627,0.53,0.105,1468.0,0.463,0.537,0.03,0.494,0.152,0.079,0.041,0.041,0.127,0.127,0.163,0.6,0.7
628,0.5,0.112,1667.0,0.517,0.483,0.05,0.374,0.269,0.097,0.069,0.069,0.141,0.141,0.473,0.468,0.61
629,0.95,0.1,1766.0,0.45,0.55,0.01,0.223,0.245,0.079,0.019,0.019,0.124,0.124,0.377,0.549,0.334
630,0.43,0.097,1511.0,0.441,0.559,0.09,0.296,0.288,0.051,0.004,0.004,0.096,0.096,0.455,0.246,0.307
631,0.61,0.097,1324.0,0.437,0.563,0.07,0.265,0.342,0.057,0.038,0.038,0.148,0.148,0.316,0.112,0.395
632,0.42,0.103,1709.0,0.507,0.493,0.03,0.382,0.331,0.067,0.005,0.005,0.107,0.107,0.204,0.272,0.647
633,0.84,0.111,1721.0,0.551,0.449,0.08,0.233,0.264,0.037,0.046,0.046,0.152,0.152,0.17,0.206,0.739
634,0.42,0.099,1343.0,0.461,0.539,0.08,0.438,0.181,0.032,0.069,0.069,0.157,0.157,0.119,0.177,0.552
635,0.78,0.098,1687.0,0.496,0.504,0.05,0.342,0.2,0.098,0.05,0.05,0.15,0.15,0.25,0.488,0.696
636,0.91,0.11,1850.0,0.497,0.503,0.06,0.231,0.28,0.042,0.008,0.008,0.119,0.119,0.419,0.571,0.204
637,0.91,0.106,1858.0,0.552,0.448,0.05,0.335,0.257,0.098,0.053,0.053,0.151,0.151,0.173,0.481,0.569
638,0.9,0.108,1627.0,0.552,0.448,0.1,0.252,0.326,0.09,0.086,0.086,0.143,0.143,0.191,0.419,0.511
639,0.81,0.111,1449.0,0.549,0.451,0.03,0.469,0.284,0.087,0.007,0.007,0.078,0.078,0.471,0.141,0.791
640,0.87,0.097,1720.0,0.547,0.453,0.09,0.272,0.255,0.1,0.05,0.05,0.095,0.095,0.101,0.568,0.576
641,0.71,0.093,1422.0,0.463,0.537,0.08,0.448,0.301,0.037,0.011,0.011,0.086,0.086,0.28,0.539,0.541
642,0.78,0.1,1754.0,0.569,0.431,0.08,0.469,0.173,0.092,0.063,0.063,0.153,0.153,0.321,0.126,0.294
643,0.41,0.109,1762.0,0.468,0.532,0.04,0.372,0.293,0.038,0.08,0.08,0.139,0.139,0.332,0.112,0.442
644,0.86,0.097,1647.0,0.415,0.585,0.1,0.424,0.332,0.09,0.011,0.011,0.133,0.133,0.109,0.494,0.388
645,0.3,0.104,1519.0,0.479,0.521,0.04,0.45,0.31,0.099,0.053,0.053,0.125,0.125,0.202,0.41,0.534
646,0.69,0.113,1575.0,0.593,0.407,0.05,0.46,0.16,0.096,0.066,0.066,0.116,0.116,0.208,0.383,0.425
647,0.57,0.097,1619.0,0.522,0.478,0.05,0.291,0.152,0.034,0.043,0.043,0.135,0.135,0.499,0.115,0.408
648,0.34,0.098,1889.0,0.401,0.599,0.02,0.278,0.265,0.057,0.004,0.004,0.144,0.144,0.338,0.453,0.284
649,0.61,0.095,1688.0,0.419,0.581,0.04,0.37,0.262,0.078,0.003,0.003,0.142,0.142,0.283,0.178,0.512
650,0.79,0.109,1490.0,0.566,0.434,0.05,0.354,0.205,0.076,0.091,0.091,0.087,0.087,0.22,0.173,0.781
