RUN,DPCOEF,POROS,MMP,SOINIT,SWINIT,XKVH,SORW,SORG,SORM,SGR,SSR,SWC,SWIR,KWRO,KRSMAX,W,oil_recovery_at_1hcpv,oil_recovery_at_2hcpv
1,0.9,0.09,1755.0,0.431,0.569,0.07,0.35,0.35,0.05,0.05,0.05,0.15,0.15,0.3,0.35,0.66,2.86,3.18
2,0.7,0.09,1337.0,0.469,0.531,0.14,0.35,0.35,0.05,0.05,0.05,0.15,0.15,0.3,0.35,0.66,4.7,6.48
3,0.91,0.077,1489.0,0.449,0.551,0.06,0.35,0.35,0.05,0.05,0.05,0.15,0.15,0.3,0.35,0.66,3.15,3.45
4,0.68,0.079,1390.0,0.343,0.657,0.08,0.35,0.35,0.05,0.05,0.05,0.15,0.15,0.3,0.35,0.66,2.31,3.33
5,0.67,0.088,1694.0,0.333,0.667,0.04,0.35,0.35,0.05,0.05,0.05,0.15,0.15,0.3,0.35,0.66,2.19,3.17
6,0.75,0.071,1886.0,0.352,0.648,0.03,0.35,0.35,0.05,0.05,0.05,0.15,0.15,0.3,0.35,0.66,1.78,2.58
7,0.89,0.089,1656.0,0.385,0.615,0.04,0.35,0.35,0.05,0.05,0.05,0.15,0.15,0.3,0.35,0.66,2.21,2.54
8,0.88,0.114,1581.0,0.386,0.614,0.04,0.35,0.35,0.05,0.05,0.05,0.15,0.15,0.3,0.35,0.66,2.23,2.65
9,0.84,0.084,1491.0,0.409,0.591,0.02,0.35,0.35,0.05,0.05,0.05,0.15,0.15,0.3,0.35,0.66,2.64,3.42
10,0.91,0.08,1500.0,0.342,0.658,0.06,0.35,0.35,0.05,0.05,0.05,0.15,0.15,0.3,0.35,0.66,1.72,1.85
11,0.75,0.081,1563.0,0.341,0.659,0.08,0.35,0.35,0.05,0.05,0.05,0.15,0.15,0.3,0.35,0.66,2.06,2.82
12,0.96,0.096,1829.0,0.366,0.634,0.05,0.35,0.35,0.05,0.05,0.05,0.15,0.15,0.3,0.35,0.66,,
13,0.72,0.085,1830.0,0.385,0.615,0.13,0.35,0.35,0.05,0.05,0.05,0.15,0.15,0.3,0.35,0.66,2.55,3.69
14,0.73,0.1,1678.0,0.339,0.661,0.03,0.35,0.35,0.05,0.05,0.05,0.15,0.15,0.3,0.35,0.66,2.09,2.9
15,0.88,0.075,1594.0,0.426,0.574,0.04,0.35,0.35,0.05,0.05,0.05,0.15,0.15,0.3,0.35,0.66,2.82,3.31
16,0.85,0.077,1568.0,0.42,0.58,0.07,0.35,0.35,0.05,0.05,0.05,0.15,0.15,0.3,0.35,0.66,2.78,3.52
17,0.92,0.097,1365.0,0.462,0.538,0.12,0.35,0.35,0.05,0.05,0.05,0.15,0.15,0.3,0.35,0.66,3.36,3.62
18,0.74,0.091,1485.0,0.372,0.628,0.07,0.35,0.35,0.05,0.05,0.05,0.15,0.15,0.3,0.35,0.66,2.5,3.45
19,0.94,0.071,1734.0,0.387,0.613,0.15,0.35,0.35,0.05,0.05,0.05,0.15,0.15,0.3,0.35,0.66,,
20,0.87,0.078,1402.0,0.377,0.623,0.11,0.35,0.35,0.05,0.05,0.05,0.15,0.15,0.3,0.35,0.66,2.13,2.61
21,0.67,0.075,1393.0,0.382,0.618,0.02,0.35,0.35,0.05,0.05,0.05,0.15,0.15,0.3,0.35,0.66,2.93,4.23
22,0.94,0.1,1561.0,0.369,0.631,0.09,0.35,0.35,0.05,0.05,0.05,0.15,0.15,0.3,0.35,0.66,,
23,0.65,0.088,1548.0,0.331,0.669,0.08,0.35,0.35,0.05,0.05,0.05,0.15,0.15,0.3,0.35,0.66,2.22,3.26
24,0.8,0.078,1861.0,0.426,0.574,0.14,0.35,0.35,0.05,0.05,0.05,0.15,0.15,0.3,0.35,0.66,2.88,3.86
25,0.93,0.106,1409.0,0.438,0.562,0.09,0.35,0.35,0.05,0.05,0.05,0.15,0.15,0.3,0.35,0.66,2.96,3.12
26,0.65,0.073,1318.0,0.416,0.584,0.01,0.35,0.35,0.05,0.05,0.05,0.15,0.15,0.3,0.35,0.66,3.69,5.31
27,0.84,0.1,1637.0,0.383,0.617,0.04,0.35,0.35,0.05,0.05,0.05,0.15,0.15,0.3,0.35,0.66,2.28,2.97
28,0.93,0.065,1824.0,0.454,0.546,0.05,0.35,0.35,0.05,0.05,0.05,0.15,0.15,0.3,0.35,0.66,3.08,3.41
29,0.86,0.086,1761.0,0.405,0.595,0.04,0.35,0.35,0.05,0.05,0.05,0.15,0.15,0.3,0.35,0.66,2.52,3.14
30,0.74,0.088,1454.0,0.465,0.535,0.05,0.35,0.35,0.05,0.05,0.05,0.15,0.15,0.3,0.35,0.66,4.31,5.86
31,0.87,0.069,1603.0,0.457,0.543,0.15,0.35,0.35,0.05,0.05,0.05,0.15,0.15,0.3,0.35,0.66,3.38,4.07
32,0.68,0.062,1456.0,0.413,0.587,0.02,0.35,0.35,0.05,0.05,0.05,0.15,0.15,0.3,0.35,0.66,3.44,4.9
33,0.73,0.074,1750.0,0.36,0.64,0.09,0.35,0.35,0.05,0.05,0.05,0.15,0.15,0.3,0.35,0.66,2.37,3.3
34,0.98,0.11,1781.0,0.466,0.534,0.09,0.35,0.35,0.05,0.05,0.05,0.15,0.15,0.3,0.35,0.66,,
35,0.73,0.119,1542.0,0.374,0.626,0.12,0.35,0.35,0.05,0.05,0.05,0.15,0.15,0.3,0.35,0.66,2.57,3.57
36,0.74,0.104,1322.0,0.389,0.611,0.07,0.35,0.35,0.05,0.05,0.05,0.15,0.15,0.3,0.35,0.66,2.75,3.79
37,0.66,0.095,1463.0,0.409,0.591,0.13,0.35,0.35,0.05,0.05,0.05,0.15,0.15,0.3,0.35,0.66,3.48,5.0
38,0.92,0.087,1818.0,0.384,0.616,0.11,0.35,0.35,0.05,0.05,0.05,0.15,0.15,0.3,0.35,0.66,2.1,2.32
39,0.91,0.077,1672.0,0.425,0.575,0.02,0.35,0.35,0.05,0.05,0.05,0.15,0.15,0.3,0.35,0.66,2.77,3.01
40,0.91,0.098,1670.0,0.394,0.606,0.07,0.35,0.35,0.05,0.05,0.05,0.15,0.15,0.3,0.35,0.66,2.33,2.51
41,0.72,0.076,1668.0,0.451,0.549,0.05,0.35,0.35,0.05,0.05,0.05,0.15,0.15,0.3,0.35,0.66,4.07,5.6
42,0.66,0.1,1858.0,0.46,0.54,0.1,0.35,0.35,0.05,0.05,0.05,0.15,0.15,0.3,0.35,0.66,4.44,6.33
43,0.78,0.086,1899.0,0.401,0.599,0.13,0.35,0.35,0.05,0.05,0.05,0.15,0.15,0.3,0.35,0.66,2.37,3.28
44,0.83,0.071,1816.0,0.373,0.627,0.07,0.35,0.35,0.05,0.05,0.05,0.15,0.15,0.3,0.35,0.66,2.09,2.78
45,0.92,0.093,1741.0,0.341,0.659,0.09,0.35,0.35,0.05,0.05,0.05,0.15,0.15,0.3,0.35,0.66,1.7,1.79
46,0.88,0.093,1683.0,0.37,0.63,0.05,0.35,0.35,0.05,0.05,0.05,0.15,0.15,0.3,0.35,0.66,2.04,2.43
47,0.96,0.092,1665.0,0.419,0.581,0.03,0.35,0.35,0.05,0.05,0.05,0.15,0.15,0.3,0.35,0.66,,
48,0.9,0.067,1498.0,0.343,0.657,0.11,0.35,0.35,0.05,0.05,0.05,0.15,0.15,0.3,0.35,0.66,1.73,1.93
49,0.72,0.056,1447.0,0.349,0.651,0.09,0.35,0.35,0.05,0.05,0.05,0.15,0.15,0.3,0.35,0.66,2.26,3.17
50,0.89,0.08,1655.0,0.427,0.573,0.06,0.35,0.35,0.05,0.05,0.05,0.15,0.15,0.3,0.35,0.66,2.82,3.21
51,0.77,0.094,1560.0,0.361,0.639,0.07,0.35,0.35,0.05,0.05,0.05,0.15,0.15,0.3,0.35,0.66,2.25,3.06
52,0.93,0.078,1559.0,0.397,0.603,0.06,0.35,0.35,0.05,0.05,0.05,0.15,0.15,0.3,0.35,0.66,2.37,2.46
53,0.89,0.088,1360.0,0.374,0.626,0.08,0.35,0.35,0.05,0.05,0.05,0.15,0.15,0.3,0.35,0.66,2.08,2.4
54,0.84,0.101,1800.0,0.331,0.669,0.07,0.35,0.35,0.05,0.05,0.05,0.15,0.15,0.3,0.35,0.66,1.62,2.13
55,0.73,0.106,1898.0,0.406,0.594,0.06,0.35,0.35,0.05,0.05,0.05,0.15,0.15,0.3,0.35,0.66,2.63,3.75
56,0.82,0.089,1890.0,0.424,0.576,0.06,0.35,0.35,0.05,0.05,0.05,0.15,0.15,0.3,0.35,0.66,2.67,3.53
57,0.73,0.07,1309.0,0.371,0.629,0.1,0.35,0.35,0.05,0.05,0.05,0.15,0.15,0.3,0.35,0.66,2.52,3.5
58,0.83,0.082,1466.0,0.394,0.606,0.05,0.35,0.35,0.05,0.05,0.05,0.15,0.15,0.3,0.35,0.66,2.45,3.23
59,0.71,0.09,1377.0,0.463,0.537,0.09,0.35,0.35,0.05,0.05,0.05,0.15,0.15,0.3,0.35,0.66,4.45,6.12
60,0.68,0.078,1403.0,0.459,0.541,0.12,0.35,0.35,0.05,0.05,0.05,0.15,0.15,0.3,0.35,0.66,4.58,6.38
61,0.81,0.098,1580.0,0.401,0.599,0.06,0.35,0.35,0.05,0.05,0.05,0.15,0.15,0.3,0.35,0.66,2.62,3.52
62,0.83,0.119,1416.0,0.448,0.552,0.1,0.35,0.35,0.05,0.05,0.05,0.15,0.15,0.3,0.35,0.66,3.36,4.38
63,0.87,0.066,1419.0,0.414,0.586,0.11,0.35,0.35,0.05,0.05,0.05,0.15,0.15,0.3,0.35,0.66,2.63,3.19
64,0.9,0.14,1564.0,0.437,0.563,0.03,0.35,0.35,0.05,0.05,0.05,0.15,0.15,0.3,0.35,0.66,2.97,3.3
65,0.95,0.068,1892.0,0.363,0.637,0.09,0.35,0.35,0.05,0.05,0.05,0.15,0.15,0.3,0.35,0.66,,
66,0.99,0.113,1535.0,0.418,0.582,0.05,0.35,0.35,0.05,0.05,0.05,0.15,0.15,0.3,0.35,0.66,,
67,0.95,0.102,1772.0,0.421,0.579,0.08,0.35,0.35,0.05,0.05,0.05,0.15,0.15,0.3,0.35,0.66,,
68,0.86,0.106,1680.0,0.429,0.571,0.06,0.35,0.35,0.05,0.05,0.05,0.15,0.15,0.3,0.35,0.66,2.9,3.59
69,0.79,0.102,1318.0,0.345,0.655,0.02,0.35,0.35,0.05,0.05,0.05,0.15,0.15,0.3,0.35,0.66,1.98,2.68
70,0.73,0.093,1652.0,0.378,0.622,0.06,0.35,0.35,0.05,0.05,0.05,0.15,0.15,0.3,0.35,0.66,2.63,3.64
71,0.87,0.101,1667.0,0.411,0.589,0.06,0.35,0.35,0.05,0.05,0.05,0.15,0.15,0.3,0.35,0.66,2.59,3.15
72,0.66,0.087,1606.0,0.337,0.663,0.03,0.35,0.35,0.05,0.05,0.05,0.15,0.15,0.3,0.35,0.66,2.29,3.33
73,0.7,0.086,1673.0,0.459,0.541,0.08,0.35,0.35,0.05,0.05,0.05,0.15,0.15,0.3,0.35,0.66,4.44,6.12
74,0.75,0.083,1384.0,0.331,0.669,0.1,0.35,0.35,0.05,0.05,0.05,0.15,0.15,0.3,0.35,0.66,1.93,2.63
75,0.87,0.075,1594.0,0.434,0.566,0.06,0.35,0.35,0.05,0.05,0.05,0.15,0.15,0.3,0.35,0.66,2.95,3.56
76,0.82,0.085,1403.0,0.386,0.614,0.13,0.35,0.35,0.05,0.05,0.05,0.15,0.15,0.3,0.35,0.66,2.38,3.17
77,0.86,0.116,1822.0,0.401,0.599,0.05,0.35,0.35,0.05,0.05,0.05,0.15,0.15,0.3,0.35,0.66,2.37,3.0
78,0.88,0.058,1487.0,0.424,0.576,0.1,0.35,0.35,0.05,0.05,0.05,0.15,0.15,0.3,0.35,0.66,2.77,3.26
79,0.72,0.076,1713.0,0.368,0.632,0.11,0.35,0.35,0.05,0.05,0.05,0.15,0.15,0.3,0.35,0.66,2.52,3.52
80,0.88,0.101,1348.0,0.453,0.547,0.13,0.35,0.35,0.05,0.05,0.05,0.15,0.15,0.3,0.35,0.66,3.26,3.83
81,0.98,0.061,1468.0,0.356,0.644,0.01,0.35,0.35,0.05,0.05,0.05,0.15,0.15,0.3,0.35,0.66,,
82,0.65,0.133,1576.0,0.451,0.549,0.03,0.35,0.35,0.05,0.05,0.05,0.15,0.15,0.3,0.35,0.66,4.55,6.47
83,0.71,0.075,1462.0,0.33,0.67,0.06,0.35,0.35,0.05,0.05,0.05,0.15,0.15,0.3,0.35,0.66,2.02,2.86
84,0.96,0.102,1714.0,0.429,0.571,0.1,0.35,0.35,0.05,0.05,0.05,0.15,0.15,0.3,0.35,0.66,,
85,0.76,0.109,1817.0,0.436,0.564,0.05,0.35,0.35,0.05,0.05,0.05,0.15,0.15,0.3,0.35,0.66,3.4,4.68
86,0.67,0.088,1793.0,0.449,0.551,0.07,0.35,0.35,0.05,0.05,0.05,0.15,0.15,0.3,0.35,0.66,4.33,6.12
87,0.97,0.073,1465.0,0.392,0.608,0.01,0.35,0.35,0.05,0.05,0.05,0.15,0.15,0.3,0.35,0.66,,
88,0.97,0.103,1545.0,0.388,0.612,0.03,0.35,0.35,0.05,0.05,0.05,0.15,0.15,0.3,0.35,0.66,,
89,0.78,0.105,1860.0,0.384,0.616,0.03,0.35,0.35,0.05,0.05,0.05,0.15,0.15,0.3,0.35,0.66,2.24,3.1
90,0.97,0.088,1696.0,0.371,0.629,0.12,0.35,0.35,0.05,0.05,0.05,0.15,0.15,0.3,0.35,0.66,,
91,0.91,0.121,1310.0,0.372,0.628,0.03,0.35,0.35,0.05,0.05,0.05,0.15,0.15,0.3,0.35,0.66,2.05,2.22
92,0.71,0.092,1640.0,0.464,0.536,0.14,0.35,0.35,0.05,0.05,0.05,0.15,0.15,0.3,0.35,0.66,4.48,6.15
93,0.89,0.117,1782.0,0.44,0.56,0.05,0.35,0.35,0.05,0.05,0.05,0.15,0.15,0.3,0.35,0.66,3.02,3.46
94,0.92,0.105,1769.0,0.373,0.627,0.04,0.35,0.35,0.05,0.05,0.05,0.15,0.15,0.3,0.35,0.66,2.07,2.18
95,0.84,0.086,1801.0,0.452,0.548,0.01,0.35,0.35,0.05,0.05,0.05,0.15,0.15,0.3,0.35,0.66,3.33,4.28
96,0.97,0.097,1728.0,0.332,0.668,0.12,0.35,0.35,0.05,0.05,0.05,0.15,0.15,0.3,0.35,0.66,,
97,0.68,0.089,1644.0,0.388,0.612,0.1,0.35,0.35,0.05,0.05,0.05,0.15,0.15,0.3,0.35,0.66,2.99,4.28
98,0.83,0.094,1743.0,0.37,0.63,0.04,0.35,0.35,0.05,0.05,0.05,0.15,0.15,0.3,0.35,0.66,2.14,2.84
99,0.88,0.081,1425.0,0.465,0.535,0.0,0.35,0.35,0.05,0.05,0.05,0.15,0.15,0.3,0.35,0.66,3.5,4.12
100,0.74,0.094,1364.0,0.34,0.66,0.06,0.35,0.35,0.05,0.05,0.05,0.15,0.15,0.3,0.35,0.66,2.08,2.86
101,0.93,0.125,1409.0,0.333,0.667,0.06,0.35,0.35,0.05,0.05,0.05,0.15,0.15,0.3,0.35,0.66,1.62,1.66
102,0.79,0.104,1571.0,0.391,0.609,0.12,0.35,0.35,0.05,0.05,0.05,0.15,0.15,0.3,0.35,0.66,2.56,3.48
103,0.88,0.087,1539.0,0.409,0.591,0.01,0.35,0.35,0.05,0.05,0.05,0.15,0.15,0.3,0.35,0.66,2.55,3.01
104,0.65,0.095,1790.0,0.341,0.659,0.12,0.35,0.35,0.05,0.05,0.05,0.15,0.15,0.3,0.35,0.66,2.34,3.46
105,0.92,0.092,1889.0,0.365,0.635,0.0,0.35,0.35,0.05,0.05,0.05,0.15,0.15,0.3,0.35,0.66,1.67,2.01
106,0.89,0.106,1394.0,0.338,0.662,0.02,0.35,0.35,0.05,0.05,0.05,0.15,0.15,0.3,0.35,0.66,1.67,1.94
107,0.65,0.103,1796.0,0.382,0.618,0.1,0.35,0.35,0.05,0.05,0.05,0.15,0.15,0.3,0.35,0.66,2.96,4.36
108,0.94,0.09,1807.0,0.377,0.623,0.01,0.35,0.35,0.05,0.05,0.05,0.15,0.15,0.3,0.35,0.66,,
109,0.65,0.097,1757.0,0.361,0.639,0.08,0.35,0.35,0.05,0.05,0.05,0.15,0.15,0.3,0.35,0.66,2.68,3.94
110,0.82,0.084,1620.0,0.335,0.665,0.03,0.35,0.35,0.05,0.05,0.05,0.15,0.15,0.3,0.35,0.66,1.76,2.36
111,0.78,0.072,1441.0,0.431,0.569,0.04,0.35,0.35,0.05,0.05,0.05,0.15,0.15,0.3,0.35,0.66,3.28,4.44
112,0.76,0.084,1809.0,0.362,0.638,0.04,0.35,0.35,0.05,0.05,0.05,0.15,0.15,0.3,0.35,0.66,2.18,3.06
113,0.7,0.08,1778.0,0.411,0.589,0.04,0.35,0.35,0.05,0.05,0.05,0.15,0.15,0.3,0.35,0.66,3.31,4.66
114,0.71,0.112,1592.0,0.452,0.548,0.11,0.35,0.35,0.05,0.05,0.05,0.15,0.15,0.3,0.35,0.66,4.16,5.74
115,0.94,0.04,1766.0,0.391,0.609,0.14,0.35,0.35,0.05,0.05,0.05,0.15,0.15,0.3,0.35,0.66,,
116,0.71,0.098,1414.0,0.364,0.636,0.06,0.35,0.35,0.05,0.05,0.05,0.15,0.15,0.3,0.35,0.66,2.51,3.53
117,0.83,0.07,1847.0,0.335,0.665,0.02,0.35,0.35,0.05,0.05,0.05,0.15,0.15,0.3,0.35,0.66,1.57,2.08
118,0.88,0.091,1326.0,0.358,0.642,0.06,0.35,0.35,0.05,0.05,0.05,0.15,0.15,0.3,0.35,0.66,1.9,2.27
119,0.95,0.111,1456.0,0.391,0.609,0.15,0.35,0.35,0.05,0.05,0.05,0.15,0.15,0.3,0.35,0.66,,
120,0.89,0.077,1306.0,0.421,0.579,0.14,0.35,0.35,0.05,0.05,0.05,0.15,0.15,0.3,0.35,0.66,2.72,3.11
121,0.95,0.057,1843.0,0.338,0.662,0.01,0.35,0.35,0.05,0.05,0.05,0.15,0.15,0.3,0.35,0.66,,
122,0.86,0.083,1691.0,0.455,0.545,0.15,0.35,0.35,0.05,0.05,0.05,0.15,0.15,0.3,0.35,0.66,3.37,4.15
123,0.77,0.105,1413.0,0.376,0.624,0.11,0.35,0.35,0.05,0.05,0.05,0.15,0.15,0.3,0.35,0.66,2.44,3.32
124,0.85,0.116,1430.0,0.341,0.659,0.14,0.35,0.35,0.05,0.05,0.05,0.15,0.15,0.3,0.35,0.66,1.76,2.27
125,0.76,0.104,1746.0,0.416,0.584,0.07,0.35,0.35,0.05,0.05,0.05,0.15,0.15,0.3,0.35,0.66,3.12,4.25
126,0.79,0.054,1609.0,0.458,0.542,0.02,0.35,0.35,0.05,0.05,0.05,0.15,0.15,0.3,0.35,0.66,3.79,5.09
127,0.81,0.103,1857.0,0.39,0.61,0.03,0.35,0.35,0.05,0.05,0.05,0.15,0.15,0.3,0.35,0.66,2.26,3.04
128,0.85,0.058,1574.0,0.429,0.571,0.09,0.35,0.35,0.05,0.05,0.05,0.15,0.15,0.3,0.35,0.66,2.93,3.7
129,0.82,0.099,1776.0,0.442,0.558,0.04,0.35,0.35,0.05,0.05,0.05,0.15,0.15,0.3,0.35,0.66,3.28,4.33
130,0.92,0.097,1877.0,0.392,0.608,0.08,0.35,0.35,0.05,0.05,0.05,0.15,0.15,0.3,0.35,0.66,2.01,2.39
131,0.78,0.086,1780.0,0.449,0.551,0.08,0.35,0.35,0.05,0.05,0.05,0.15,0.15,0.3,0.35,0.66,3.66,4.92
132,0.93,0.093,1507.0,0.452,0.548,0.1,0.35,0.35,0.05,0.05,0.05,0.15,0.15,0.3,0.35,0.66,3.18,3.36
133,0.85,0.122,1618.0,0.465,0.535,0.02,0.35,0.35,0.05,0.05,0.05,0.15,0.15,0.3,0.35,0.66,3.61,4.53
134,0.99,0.1,1668.0,0.372,0.628,0.08,0.35,0.35,0.05,0.05,0.05,0.15,0.15,0.3,0.35,0.66,,
135,0.87,0.087,1744.0,0.393,0.607,0.02,0.35,0.35,0.05,0.05,0.05,0.15,0.15,0.3,0.35,0.66,2.34,2.85
136,0.84,0.087,1479.0,0.368,0.632,0.07,0.35,0.35,0.05,0.05,0.05,0.15,0.15,0.3,0.35,0.66,2.09,2.73
137,0.97,0.097,1361.0,0.339,0.661,0.11,0.35,0.35,0.05,0.05,0.05,0.15,0.15,0.3,0.35,0.66,,
138,0.75,0.128,1588.0,0.39,0.61,0.08,0.35,0.35,0.05,0.05,0.05,0.15,0.15,0.3,0.35,0.66,2.73,3.74
139,0.89,0.06,1302.0,0.417,0.583,0.13,0.35,0.35,0.05,0.05,0.05,0.15,0.15,0.3,0.35,0.66,2.66,3.04
140,0.93,0.102,1473.0,0.438,0.562,0.07,0.35,0.35,0.05,0.05,0.05,0.15,0.15,0.3,0.35,0.66,2.96,3.12
141,0.75,0.089,1638.0,0.427,0.573,0.06,0.35,0.35,0.05,0.05,0.05,0.15,0.15,0.3,0.35,0.66,3.38,4.62
142,0.66,0.055,1321.0,0.435,0.565,0.09,0.35,0.35,0.05,0.05,0.05,0.15,0.15,0.3,0.35,0.66,4.1,5.81
143,0.82,0.104,1895.0,0.417,0.583,0.07,0.35,0.35,0.05,0.05,0.05,0.15,0.15,0.3,0.35,0.66,2.55,3.37
144,0.67,0.086,1720.0,0.444,0.556,0.12,0.35,0.35,0.05,0.05,0.05,0.15,0.15,0.3,0.35,0.66,4.22,5.96
145,0.67,0.11,1866.0,0.363,0.637,0.12,0.35,0.35,0.05,0.05,0.05,0.15,0.15,0.3,0.35,0.66,2.22,3.35
146,0.98,0.064,1882.0,0.419,0.581,0.08,0.35,0.35,0.05,0.05,0.05,0.15,0.15,0.3,0.35,0.66,,
147,0.76,0.085,1332.0,0.46,0.54,0.14,0.35,0.35,0.05,0.05,0.05,0.15,0.15,0.3,0.35,0.66,4.02,5.46
148,0.96,0.065,1878.0,0.395,0.605,0.1,0.35,0.35,0.05,0.05,0.05,0.15,0.15,0.3,0.35,0.66,,
149,0.91,0.082,1805.0,0.467,0.533,0.12,0.35,0.35,0.05,0.05,0.05,0.15,0.15,0.3,0.35,0.66,3.41,3.83
150,0.97,0.105,1562.0,0.417,0.583,0.09,0.35,0.35,0.05,0.05,0.05,0.15,0.15,0.3,0.35,0.66,,
151,0.96,0.106,1813.0,0.445,0.555,0.01,0.35,0.35,0.05,0.05,0.05,0.15,0.15,0.3,0.35,0.66,,
152,0.85,0.078,1658.0,0.351,0.649,0.03,0.35,0.35,0.05,0.05,0.05,0.15,0.15,0.3,0.35,0.66,1.87,2.43
153,0.89,0.087,1347.0,0.442,0.558,0.03,0.35,0.35,0.05,0.05,0.05,0.15,0.15,0.3,0.35,0.66,3.06,3.49
154,0.79,0.09,1702.0,0.338,0.662,0.08,0.35,0.35,0.05,0.05,0.05,0.15,0.15,0.3,0.35,0.66,1.89,2.55
155,0.75,0.091,1702.0,0.383,0.617,0.15,0.35,0.35,0.05,0.05,0.05,0.15,0.15,0.3,0.35,0.66,2.62,3.6
156,0.74,0.108,1477.0,0.378,0.622,0.13,0.35,0.35,0.05,0.05,0.05,0.15,0.15,0.3,0.35,0.66,2.59,3.56
157,0.68,0.11,1729.0,0.426,0.574,0.02,0.35,0.35,0.05,0.05,0.05,0.15,0.15,0.3,0.35,0.66,3.75,5.29
158,0.83,0.081,1704.0,0.406,0.594,0.08,0.35,0.35,0.05,0.05,0.05,0.15,0.15,0.3,0.35,0.66,2.63,3.46
159,0.66,0.073,1732.0,0.385,0.615,0.1,0.35,0.35,0.05,0.05,0.05,0.15,0.15,0.3,0.35,0.66,3.02,4.37
160,0.93,0.089,1815.0,0.352,0.648,0.03,0.35,0.35,0.05,0.05,0.05,0.15,0.15,0.3,0.35,0.66,1.74,1.88
161,0.99,0.081,1586.0,0.397,0.603,0.01,0.35,0.35,0.05,0.05,0.05,0.15,0.15,0.3,0.35,0.66,,
162,0.85,0.077,1401.0,0.463,0.537,0.12,0.35,0.35,0.05,0.05,0.05,0.15,0.15,0.3,0.35,0.66,3.55,4.46
163,0.74,0.097,1720.0,0.448,0.552,0.1,0.35,0.35,0.05,0.05,0.05,0.15,0.15,0.3,0.35,0.66,3.88,5.31
164,0.79,0.083,1685.0,0.354,0.646,0.1,0.35,0.35,0.05,0.05,0.05,0.15,0.15,0.3,0.35,0.66,2.1,2.83
165,0.89,0.079,1837.0,0.445,0.555,0.11,0.35,0.35,0.05,0.05,0.05,0.15,0.15,0.3,0.35,0.66,2.95,3.56
166,0.86,0.091,1335.0,0.443,0.557,0.03,0.35,0.35,0.05,0.05,0.05,0.15,0.15,0.3,0.35,0.66,3.13,3.87
167,0.82,0.084,1774.0,0.412,0.588,0.11,0.35,0.35,0.05,0.05,0.05,0.15,0.15,0.3,0.35,0.66,2.75,3.66
168,0.86,0.088,1442.0,0.404,0.596,0.09,0.35,0.35,0.05,0.05,0.05,0.15,0.15,0.3,0.35,0.66,2.5,3.12
169,0.93,0.114,1752.0,0.402,0.598,0.09,0.35,0.35,0.05,0.05,0.05,0.15,0.15,0.3,0.35,0.66,2.43,2.53
170,0.87,0.118,1398.0,0.408,0.592,0.04,0.35,0.35,0.05,0.05,0.05,0.15,0.15,0.3,0.35,0.66,2.56,3.1
171,0.88,0.052,1527.0,0.425,0.575,0.04,0.35,0.35,0.05,0.05,0.05,0.15,0.15,0.3,0.35,0.66,2.8,3.29
172,0.84,0.107,1879.0,0.405,0.595,0.09,0.35,0.35,0.05,0.05,0.05,0.15,0.15,0.3,0.35,0.66,2.33,3.06
173,0.83,0.109,1651.0,0.428,0.572,0.06,0.35,0.35,0.05,0.05,0.05,0.15,0.15,0.3,0.35,0.66,2.98,3.91
174,0.97,0.087,1540.0,0.332,0.668,0.02,0.35,0.35,0.05,0.05,0.05,0.15,0.15,0.3,0.35,0.66,,
175,0.67,0.068,1623.0,0.336,0.664,0.04,0.35,0.35,0.05,0.05,0.05,0.15,0.15,0.3,0.35,0.66,2.24,3.24
176,0.92,0.093,1687.0,0.34,0.66,0.05,0.35,0.35,0.05,0.05,0.05,0.15,0.15,0.3,0.35,0.66,1.7,1.78
177,0.69,0.083,1533.0,0.332,0.668,0.0,0.35,0.35,0.05,0.05,0.05,0.15,0.15,0.3,0.35,0.66,2.12,3.02
178,0.76,0.082,1621.0,0.358,0.642,0.0,0.35,0.35,0.05,0.05,0.05,0.15,0.15,0.3,0.35,0.66,2.24,3.06
179,0.95,0.101,1849.0,0.437,0.563,0.03,0.35,0.35,0.05,0.05,0.05,0.15,0.15,0.3,0.35,0.66,,
180,0.95,0.067,1427.0,0.353,0.647,0.11,0.35,0.35,0.05,0.05,0.05,0.15,0.15,0.3,0.35,0.66,,
181,0.95,0.102,1433.0,0.424,0.576,0.05,0.35,0.35,0.05,0.05,0.05,0.15,0.15,0.3,0.35,0.66,,
182,0.77,0.099,1588.0,0.421,0.579,0.14,0.35,0.35,0.05,0.05,0.05,0.15,0.15,0.3,0.35,0.66,3.15,4.28
183,0.69,0.081,1753.0,0.398,0.602,0.04,0.35,0.35,0.05,0.05,0.05,0.15,0.15,0.3,0.35,0.66,3.12,4.42
184,0.84,0.111,1804.0,0.446,0.554,0.09,0.35,0.35,0.05,0.05,0.05,0.15,0.15,0.3,0.35,0.66,3.23,4.16
185,0.94,0.103,1844.0,0.398,0.602,0.12,0.35,0.35,0.05,0.05,0.05,0.15,0.15,0.3,0.35,0.66,,
186,0.68,0.096,1832.0,0.43,0.57,0.01,0.35,0.35,0.05,0.05,0.05,0.15,0.15,0.3,0.35,0.66,3.62,5.21
187,0.9,0.115,1746.0,0.445,0.555,0.07,0.35,0.35,0.05,0.05,0.05,0.15,0.15,0.3,0.35,0.66,3.1,3.46
188,0.75,0.11,1411.0,0.466,0.534,0.04,0.35,0.35,0.05,0.05,0.05,0.15,0.15,0.3,0.35,0.66,4.28,5.79
189,0.85,0.108,1606.0,0.379,0.621,0.13,0.35,0.35,0.05,0.05,0.05,0.15,0.15,0.3,0.35,0.66,2.19,2.82
190,0.9,0.098,1850.0,0.336,0.664,0.02,0.35,0.35,0.05,0.05,0.05,0.15,0.15,0.3,0.35,0.66,1.48,1.79
191,0.96,0.103,1473.0,0.336,0.664,0.11,0.35,0.35,0.05,0.05,0.05,0.15,0.15,0.3,0.35,0.66,,
192,0.87,0.067,1327.0,0.423,0.577,0.05,0.35,0.35,0.05,0.05,0.05,0.15,0.15,0.3,0.35,0.66,2.77,3.35
193,0.9,0.096,1654.0,0.458,0.542,0.09,0.35,0.35,0.05,0.05,0.05,0.15,0.15,0.3,0.35,0.66,3.33,3.72
194,0.76,0.093,1377.0,0.403,0.597,0.07,0.35,0.35,0.05,0.05,0.05,0.15,0.15,0.3,0.35,0.66,2.88,3.94
195,0.73,0.06,1389.0,0.441,0.559,0.08,0.35,0.35,0.05,0.05,0.05,0.15,0.15,0.3,0.35,0.66,3.78,5.19
196,0.86,0.106,1884.0,0.335,0.665,0.05,0.35,0.35,0.05,0.05,0.05,0.15,0.15,0.3,0.35,0.66,1.42,1.85
197,0.87,0.064,1864.0,0.351,0.649,0.05,0.35,0.35,0.05,0.05,0.05,0.15,0.15,0.3,0.35,0.66,1.64,2.09
198,0.74,0.088,1444.0,0.438,0.562,0.13,0.35,0.35,0.05,0.05,0.05,0.15,0.15,0.3,0.35,0.66,3.67,5.01
199,0.67,0.077,1863.0,0.411,0.589,0.13,0.35,0.35,0.05,0.05,0.05,0.15,0.15,0.3,0.35,0.66,3.11,4.56
200,0.8,0.07,1760.0,0.412,0.588,0.11,0.35,0.35,0.05,0.05,0.05,0.15,0.15,0.3,0.35,0.66,2.84,3.83
201,0.88,0.12,1593.0,0.41,0.59,0.03,0.35,0.35,0.05,0.05,0.05,0.15,0.15,0.3,0.35,0.66,2.56,3.03
202,0.99,0.089,1848.0,0.461,0.539,0.04,0.35,0.35,0.05,0.05,0.05,0.15,0.15,0.3,0.35,0.66,,
203,0.66,0.074,1748.0,0.407,0.593,0.01,0.35,0.35,0.05,0.05,0.05,0.15,0.15,0.3,0.35,0.66,3.45,4.95
204,0.76,0.091,1484.0,0.37,0.63,0.0,0.35,0.35,0.05,0.05,0.05,0.15,0.15,0.3,0.35,0.66,2.4,3.28
205,0.73,0.082,1550.0,0.387,0.613,0.04,0.35,0.35,0.05,0.05,0.05,0.15,0.15,0.3,0.35,0.66,2.76,3.82
206,0.71,0.107,1854.0,0.45,0.55,0.09,0.35,0.35,0.05,0.05,0.05,0.15,0.15,0.3,0.35,0.66,3.85,5.42
207,0.71,0.072,1851.0,0.367,0.633,0.04,0.35,0.35,0.05,0.05,0.05,0.15,0.15,0.3,0.35,0.66,2.23,3.27
208,0.88,0.077,1308.0,0.381,0.619,0.0,0.35,0.35,0.05,0.05,0.05,0.15,0.15,0.3,0.35,0.66,2.17,2.58
209,0.99,0.072,1383.0,0.436,0.564,0.15,0.35,0.35,0.05,0.05,0.05,0.15,0.15,0.3,0.35,0.66,,
210,0.79,0.106,1811.0,0.435,0.565,0.12,0.35,0.35,0.05,0.05,0.05,0.15,0.15,0.3,0.35,0.66,3.25,4.38
211,0.76,0.116,1373.0,0.393,0.607,0.13,0.35,0.35,0.05,0.05,0.05,0.15,0.15,0.3,0.35,0.66,2.73,3.73
212,0.91,0.072,1623.0,0.347,0.653,0.11,0.35,0.35,0.05,0.05,0.05,0.15,0.15,0.3,0.35,0.66,1.77,1.91
213,0.83,0.079,1423.0,0.437,0.563,0.06,0.35,0.35,0.05,0.05,0.05,0.15,0.15,0.3,0.35,0.66,3.15,4.12
214,0.99,0.091,1875.0,0.356,0.644,0.12,0.35,0.35,0.05,0.05,0.05,0.15,0.15,0.3,0.35,0.66,,
215,0.78,0.063,1412.0,0.368,0.632,0.03,0.35,0.35,0.05,0.05,0.05,0.15,0.15,0.3,0.35,0.66,2.29,3.11
216,0.82,0.087,1578.0,0.362,0.638,0.13,0.35,0.35,0.05,0.05,0.05,0.15,0.15,0.3,0.35,0.66,2.08,2.78
217,0.92,0.079,1595.0,0.394,0.606,0.13,0.35,0.35,0.05,0.05,0.05,0.15,0.15,0.3,0.35,0.66,2.33,2.45
218,0.77,0.091,1546.0,0.443,0.557,0.06,0.35,0.35,0.05,0.05,0.05,0.15,0.15,0.3,0.35,0.66,3.57,4.85
219,0.75,0.093,1760.0,0.428,0.572,0.07,0.35,0.35,0.05,0.05,0.05,0.15,0.15,0.3,0.35,0.66,3.39,4.64
220,0.71,0.066,1613.0,0.339,0.661,0.05,0.35,0.35,0.05,0.05,0.05,0.15,0.15,0.3,0.35,0.66,2.15,3.03
221,0.97,0.077,1738.0,0.405,0.595,0.09,0.35,0.35,0.05,0.05,0.05,0.15,0.15,0.3,0.35,0.66,,
222,0.73,0.07,1706.0,0.349,0.651,0.05,0.35,0.35,0.05,0.05,0.05,0.15,0.15,0.3,0.35,0.66,2.23,3.1
223,0.95,0.083,1767.0,0.423,0.577,0.12,0.35,0.35,0.05,0.05,0.05,0.15,0.15,0.3,0.35,0.66,,
224,0.79,0.083,1707.0,0.413,0.587,0.12,0.35,0.35,0.05,0.05,0.05,0.15,0.15,0.3,0.35,0.66,2.9,3.93
225,0.85,0.09,1715.0,0.444,0.556,0.02,0.35,0.35,0.05,0.05,0.05,0.15,0.15,0.3,0.35,0.66,3.18,4.01
226,0.89,0.073,1438.0,0.428,0.572,0.01,0.35,0.35,0.05,0.05,0.05,0.15,0.15,0.3,0.35,0.66,2.83,3.23
227,0.94,0.078,1738.0,0.468,0.532,0.05,0.35,0.35,0.05,0.05,0.05,0.15,0.15,0.3,0.35,0.66,,
228,0.73,0.094,1643.0,0.42,0.58,0.01,0.35,0.35,0.05,0.05,0.05,0.15,0.15,0.3,0.35,0.66,3.34,4.6
229,0.87,0.072,1725.0,0.456,0.544,0.11,0.35,0.35,0.05,0.05,0.05,0.15,0.15,0.3,0.35,0.66,3.36,4.05
230,0.88,0.11,1893.0,0.437,0.563,0.07,0.35,0.35,0.05,0.05,0.05,0.15,0.15,0.3,0.35,0.66,2.69,3.39
231,0.89,0.109,1518.0,0.357,0.643,0.04,0.35,0.35,0.05,0.05,0.05,0.15,0.15,0.3,0.35,0.66,1.88,2.18
232,0.87,0.093,1613.0,0.408,0.592,0.02,0.35,0.35,0.05,0.05,0.05,0.15,0.15,0.3,0.35,0.66,2.56,3.1
233,0.68,0.064,1570.0,0.408,0.592,0.02,0.35,0.35,0.05,0.05,0.05,0.15,0.15,0.3,0.35,0.66,3.36,4.78
234,0.77,0.08,1353.0,0.442,0.558,0.12,0.35,0.35,0.05,0.05,0.05,0.15,0.15,0.3,0.35,0.66,3.55,4.82
235,0.83,0.104,1831.0,0.343,0.657,0.11,0.35,0.35,0.05,0.05,0.05,0.15,0.15,0.3,0.35,0.66,1.7,2.26
236,0.82,0.114,1840.0,0.422,0.578,0.08,0.35,0.35,0.05,0.05,0.05,0.15,0.15,0.3,0.35,0.66,2.77,3.68
237,0.84,0.103,1397.0,0.469,0.531,0.1,0.35,0.35,0.05,0.05,0.05,0.15,0.15,0.3,0.35,0.66,3.74,4.77
238,0.94,0.097,1788.0,0.348,0.652,0.11,0.35,0.35,0.05,0.05,0.05,0.15,0.15,0.3,0.35,0.66,,
239,0.68,0.112,1610.0,0.345,0.655,0.1,0.35,0.35,0.05,0.05,0.05,0.15,0.15,0.3,0.35,0.66,2.34,3.37
240,0.93,0.109,1867.0,0.395,0.605,0.07,0.35,0.35,0.05,0.05,0.05,0.15,0.15,0.3,0.35,0.66,2.09,2.4
241,0.76,0.08,1319.0,0.461,0.539,0.02,0.35,0.35,0.05,0.05,0.05,0.15,0.15,0.3,0.35,0.66,4.05,5.49
242,0.76,0.084,1431.0,0.415,0.585,0.06,0.35,0.35,0.05,0.05,0.05,0.15,0.15,0.3,0.35,0.66,3.09,4.22
243,0.92,0.093,1537.0,0.342,0.658,0.03,0.35,0.35,0.05,0.05,0.05,0.15,0.15,0.3,0.35,0.66,1.72,1.8
244,0.73,0.119,1405.0,0.461,0.539,0.11,0.35,0.35,0.05,0.05,0.05,0.15,0.15,0.3,0.35,0.66,4.26,5.81
245,0.9,0.107,1786.0,0.331,0.669,0.08,0.35,0.35,0.05,0.05,0.05,0.15,0.15,0.3,0.35,0.66,1.59,1.78
246,0.74,0.101,1698.0,0.335,0.665,0.07,0.35,0.35,0.05,0.05,0.05,0.15,0.15,0.3,0.35,0.66,2.01,2.77
247,0.91,0.075,1811.0,0.436,0.564,0.06,0.35,0.35,0.05,0.05,0.05,0.15,0.15,0.3,0.35,0.66,2.86,3.22
248,0.96,0.045,1871.0,0.42,0.58,0.14,0.35,0.35,0.05,0.05,0.05,0.15,0.15,0.3,0.35,0.66,,
249,0.98,0.115,1357.0,0.446,0.554,0.03,0.35,0.35,0.05,0.05,0.05,0.15,0.15,0.3,0.35,0.66,,
250,0.76,0.049,1576.0,0.454,0.546,0.08,0.35,0.35,0.05,0.05,0.05,0.15,0.15,0.3,0.35,0.66,3.88,5.27
251,0.8,0.113,1679.0,0.462,0.538,0.06,0.35,0.35,0.05,0.05,0.05,0.15,0.15,0.3,0.35,0.66,3.79,5.07
252,0.7,0.099,1387.0,0.468,0.532,0.11,0.35,0.35,0.05,0.05,0.05,0.15,0.15,0.3,0.35,0.66,4.69,6.45
253,0.97,0.091,1476.0,0.425,0.575,0.01,0.35,0.35,0.05,0.05,0.05,0.15,0.15,0.3,0.35,0.66,,
254,0.79,0.108,1656.0,0.399,0.601,0.15,0.35,0.35,0.05,0.05,0.05,0.15,0.15,0.3,0.35,0.66,2.69,3.64
255,0.82,0.094,1795.0,0.433,0.567,0.15,0.35,0.35,0.05,0.05,0.05,0.15,0.15,0.3,0.35,0.66,3.07,4.07
256,0.88,0.095,1612.0,0.444,0.556,0.02,0.35,0.35,0.05,0.05,0.05,0.15,0.15,0.3,0.35,0.66,3.09,3.64
257,0.97,0.086,1536.0,0.447,0.553,0.11,0.35,0.35,0.05,0.05,0.05,0.15,0.15,0.3,0.35,0.66,,
258,0.92,0.099,1448.0,0.464,0.536,0.09,0.35,0.35,0.05,0.05,0.05,0.15,0.15,0.3,0.35,0.66,3.39,3.66
259,0.83,0.09,1664.0,0.33,0.67,0.13,0.35,0.35,0.05,0.05,0.05,0.15,0.15,0.3,0.35,0.66,1.67,2.23
260,0.98,0.102,1733.0,0.419,0.581,0.01,0.35,0.35,0.05,0.05,0.05,0.15,0.15,0.3,0.35,0.66,,
261,0.78,0.105,1300.0,0.371,0.629,0.02,0.35,0.35,0.05,0.05,0.05,0.15,0.15,0.3,0.35,0.66,2.34,3.17
262,0.77,0.081,1483.0,0.337,0.663,0.08,0.35,0.35,0.05,0.05,0.05,0.15,0.15,0.3,0.35,0.66,1.94,2.64
263,0.71,0.094,1717.0,0.46,0.54,0.03,0.35,0.35,0.05,0.05,0.05,0.15,0.15,0.3,0.35,0.66,4.37,6.02
264,0.84,0.101,1619.0,0.441,0.559,0.04,0.35,0.35,0.05,0.05,0.05,0.15,0.15,0.3,0.35,0.66,3.17,4.08
265,0.85,0.07,1304.0,0.467,0.533,0.11,0.35,0.35,0.05,0.05,0.05,0.15,0.15,0.3,0.35,0.66,3.66,4.59
266,0.93,0.076,1899.0,0.366,0.634,0.05,0.35,0.35,0.05,0.05,0.05,0.15,0.15,0.3,0.35,0.66,1.65,1.97
267,0.93,0.057,1494.0,0.417,0.583,0.06,0.35,0.35,0.05,0.05,0.05,0.15,0.15,0.3,0.35,0.66,2.65,2.77
268,0.95,0.086,1692.0,0.359,0.641,0.03,0.35,0.35,0.05,0.05,0.05,0.15,0.15,0.3,0.35,0.66,,
269,0.77,0.105,1727.0,0.445,0.555,0.09,0.35,0.35,0.05,0.05,0.05,0.15,0.15,0.3,0.35,0.66,3.63,4.91
270,0.82,0.073,1514.0,0.368,0.632,0.12,0.35,0.35,0.05,0.05,0.05,0.15,0.15,0.3,0.35,0.66,2.14,2.87
271,0.75,0.094,1555.0,0.435,0.565,0.13,0.35,0.35,0.05,0.05,0.05,0.15,0.15,0.3,0.35,0.66,3.55,4.84
272,0.72,0.076,1599.0,0.4,0.6,0.05,0.35,0.35,0.05,0.05,0.05,0.15,0.15,0.3,0.35,0.66,3.01,4.2
273,0.85,0.096,1771.0,0.413,0.587,0.02,0.35,0.35,0.05,0.05,0.05,0.15,0.15,0.3,0.35,0.66,2.66,3.38
274,0.71,0.095,1642.0,0.399,0.601,0.07,0.35,0.35,0.05,0.05,0.05,0.15,0.15,0.3,0.35,0.66,3.04,4.27
275,0.97,0.075,1819.0,0.399,0.601,0.1,0.35,0.35,0.05,0.05,0.05,0.15,0.15,0.3,0.35,0.66,,
276,0.8,0.09,1341.0,0.432,0.568,0.08,0.35,0.35,0.05,0.05,0.05,0.15,0.15,0.3,0.35,0.66,3.19,4.28
277,0.78,0.083,1429.0,0.422,0.578,0.07,0.35,0.35,0.05,0.05,0.05,0.15,0.15,0.3,0.35,0.66,3.11,4.21
278,0.72,0.086,1493.0,0.434,0.566,0.15,0.35,0.35,0.05,0.05,0.05,0.15,0.15,0.3,0.35,0.66,3.66,5.07
279,0.88,0.088,1558.0,0.441,0.559,0.14,0.35,0.35,0.05,0.05,0.05,0.15,0.15,0.3,0.35,0.66,3.05,3.59
280,0.8,0.118,1631.0,0.466,0.534,0.15,0.35,0.35,0.05,0.05,0.05,0.15,0.15,0.3,0.35,0.66,3.91,5.22
281,0.75,0.116,1776.0,0.446,0.554,0.07,0.35,0.35,0.05,0.05,0.05,0.15,0.15,0.3,0.35,0.66,3.79,5.16
282,0.87,0.089,1821.0,0.4,0.6,0.04,0.35,0.35,0.05,0.05,0.05,0.15,0.15,0.3,0.35,0.66,2.33,2.91
283,0.98,0.099,1339.0,0.392,0.608,0.11,0.35,0.35,0.05,0.05,0.05,0.15,0.15,0.3,0.35,0.66,,
284,0.76,0.083,1487.0,0.468,0.532,0.03,0.35,0.35,0.05,0.05,0.05,0.15,0.15,0.3,0.35,0.66,4.24,5.72
285,0.82,0.088,1440.0,0.333,0.667,0.13,0.35,0.35,0.05,0.05,0.05,0.15,0.15,0.3,0.35,0.66,1.74,2.32
286,0.94,0.124,1330.0,0.347,0.653,0.03,0.35,0.35,0.05,0.05,0.05,0.15,0.15,0.3,0.35,0.66,,
287,0.66,0.098,1383.0,0.423,0.577,0.02,0.35,0.35,0.05,0.05,0.05,0.15,0.15,0.3,0.35,0.66,3.77,5.4
288,0.66,0.092,1351.0,0.427,0.573,0.01,0.35,0.35,0.05,0.05,0.05,0.15,0.15,0.3,0.35,0.66,3.89,5.54
289,0.91,0.089,1336.0,0.398,0.602,0.05,0.35,0.35,0.05,0.05,0.05,0.15,0.15,0.3,0.35,0.66,2.38,2.57
290,0.77,0.12,1797.0,0.47,0.53,0.14,0.35,0.35,0.05,0.05,0.05,0.15,0.15,0.3,0.35,0.66,4.17,5.63
291,0.79,0.08,1808.0,0.399,0.601,0.01,0.35,0.35,0.05,0.05,0.05,0.15,0.15,0.3,0.35,0.66,2.61,3.56
292,0.72,0.091,1628.0,0.363,0.637,0.04,0.35,0.35,0.05,0.05,0.05,0.15,0.15,0.3,0.35,0.66,2.45,3.44
293,0.89,0.092,1583.0,0.376,0.624,0.15,0.35,0.35,0.05,0.05,0.05,0.15,0.15,0.3,0.35,0.66,2.1,2.41
294,0.95,0.112,1711.0,0.384,0.616,0.09,0.35,0.35,0.05,0.05,0.05,0.15,0.15,0.3,0.35,0.66,,
295,0.77,0.087,1661.0,0.355,0.645,0.01,0.35,0.35,0.05,0.05,0.05,0.15,0.15,0.3,0.35,0.66,2.17,2.95
296,0.94,0.126,1424.0,0.45,0.55,0.1,0.35,0.35,0.05,0.05,0.05,0.15,0.15,0.3,0.35,0.66,,
297,0.92,0.085,1855.0,0.435,0.565,0.05,0.35,0.35,0.05,0.05,0.05,0.15,0.15,0.3,0.35,0.66,2.7,3.12
298,0.98,0.087,1553.0,0.355,0.645,0.13,0.35,0.35,0.05,0.05,0.05,0.15,0.15,0.3,0.35,0.66,,
299,0.76,0.077,1467.0,0.352,0.648,0.13,0.35,0.35,0.05,0.05,0.05,0.15,0.15,0.3,0.35,0.66,2.18,2.97
300,0.74,0.072,1390.0,0.431,0.569,0.09,0.35,0.35,0.05,0.05,0.05,0.15,0.15,0.3,0.35,0.66,3.51,4.8
301,0.94,0.092,1730.0,0.369,0.631,0.01,0.35,0.35,0.05,0.05,0.05,0.15,0.15,0.3,0.35,0.66,,
302,0.68,0.076,1445.0,0.358,0.642,0.14,0.35,0.35,0.05,0.05,0.05,0.15,0.15,0.3,0.35,0.66,2.52,3.63
303,0.68,0.084,1323.0,0.396,0.604,0.08,0.35,0.35,0.05,0.05,0.05,0.15,0.15,0.3,0.35,0.66,3.14,4.47
304,0.78,0.096,1508.0,0.352,0.648,0.12,0.35,0.35,0.05,0.05,0.05,0.15,0.15,0.3,0.35,0.66,2.11,2.86
305,0.8,0.099,1630.0,0.438,0.562,0.11,0.35,0.35,0.05,0.05,0.05,0.15,0.15,0.3,0.35,0.66,3.31,4.44
306,0.67,0.094,1765.0,0.358,0.642,0.12,0.35,0.35,0.05,0.05,0.05,0.15,0.15,0.3,0.35,0.66,2.56,3.7
307,0.87,0.048,1304.0,0.466,0.534,0.1,0.35,0.35,0.05,0.05,0.05,0.15,0.15,0.3,0.35,0.66,3.56,4.28
308,0.68,0.096,1378.0,0.359,0.641,0.03,0.35,0.35,0.05,0.05,0.05,0.15,0.15,0.3,0.35,0.66,2.54,3.65
309,0.92,0.071,1470.0,0.346,0.654,0.14,0.35,0.35,0.05,0.05,0.05,0.15,0.15,0.3,0.35,0.66,1.76,1.85
310,0.84,0.09,1504.0,0.434,0.566,0.07,0.35,0.35,0.05,0.05,0.05,0.15,0.15,0.3,0.35,0.66,3.04,3.92
311,0.9,0.095,1396.0,0.38,0.62,0.14,0.35,0.35,0.05,0.05,0.05,0.15,0.15,0.3,0.35,0.66,2.15,2.39
312,0.7,0.084,1482.0,0.396,0.604,0.06,0.35,0.35,0.05,0.05,0.05,0.15,0.15,0.3,0.35,0.66,3.04,4.28
313,0.78,0.081,1521.0,0.38,0.62,0.09,0.35,0.35,0.05,0.05,0.05,0.15,0.15,0.3,0.35,0.66,2.45,3.33
314,0.78,0.068,1382.0,0.35,0.65,0.12,0.35,0.35,0.05,0.05,0.05,0.15,0.15,0.3,0.35,0.66,2.09,2.82
315,0.8,0.111,1827.0,0.467,0.533,0.01,0.35,0.35,0.05,0.05,0.05,0.15,0.15,0.3,0.35,0.66,3.85,5.09
316,0.8,0.064,1569.0,0.381,0.619,0.02,0.35,0.35,0.05,0.05,0.05,0.15,0.15,0.3,0.35,0.66,2.38,3.22
317,0.75,0.107,1446.0,0.384,0.616,0.02,0.35,0.35,0.05,0.05,0.05,0.15,0.15,0.3,0.35,0.66,2.63,3.61
318,0.97,0.088,1689.0,0.432,0.568,0.06,0.35,0.35,0.05,0.05,0.05,0.15,0.15,0.3,0.35,0.66,,
319,0.96,0.092,1553.0,0.374,0.626,0.14,0.35,0.35,0.05,0.05,0.05,0.15,0.15,0.3,0.35,0.66,,
320,0.86,0.076,1725.0,0.439,0.561,0.12,0.35,0.35,0.05,0.05,0.05,0.15,0.15,0.3,0.35,0.66,3.07,3.8
321,0.75,0.105,1315.0,0.348,0.652,0.07,0.35,0.35,0.05,0.05,0.05,0.15,0.15,0.3,0.35,0.66,2.16,2.95
322,0.83,0.111,1549.0,0.389,0.611,0.1,0.35,0.35,0.05,0.05,0.05,0.15,0.15,0.3,0.35,0.66,2.39,3.15
323,0.73,0.094,1523.0,0.443,0.557,0.04,0.35,0.35,0.05,0.05,0.05,0.15,0.15,0.3,0.35,0.66,3.82,5.24
324,0.91,0.082,1695.0,0.359,0.641,0.04,0.35,0.35,0.05,0.05,0.05,0.15,0.15,0.3,0.35,0.66,1.9,2.06
325,0.8,0.054,1515.0,0.416,0.584,0.08,0.35,0.35,0.05,0.05,0.05,0.15,0.15,0.3,0.35,0.66,2.91,3.92
326,0.79,0.084,1355.0,0.457,0.543,0.0,0.35,0.35,0.05,0.05,0.05,0.15,0.15,0.3,0.35,0.66,3.78,5.07
327,0.94,0.1,1450.0,0.468,0.532,0.07,0.35,0.35,0.05,0.05,0.05,0.15,0.15,0.3,0.35,0.66,,
328,0.84,0.089,1305.0,0.456,0.544,0.05,0.35,0.35,0.05,0.05,0.05,0.15,0.15,0.3,0.35,0.66,3.48,4.45
329,0.66,0.1,1520.0,0.387,0.613,0.02,0.35,0.35,0.05,0.05,0.05,0.15,0.15,0.3,0.35,0.66,3.07,4.43
330,0.81,0.103,1676.0,0.398,0.602,0.01,0.35,0.35,0.05,0.05,0.05,0.15,0.15,0.3,0.35,0.66,2.58,3.47
331,0.74,0.095,1699.0,0.391,0.609,0.02,0.35,0.35,0.05,0.05,0.05,0.15,0.15,0.3,0.35,0.66,2.78,3.83
332,0.98,0.086,1421.0,0.448,0.552,0.01,0.35,0.35,0.05,0.05,0.05,0.15,0.15,0.3,0.35,0.66,,
333,0.79,0.065,1779.0,0.375,0.625,0.04,0.35,0.35,0.05,0.05,0.05,0.15,0.15,0.3,0.35,0.66,2.34,3.17
334,0.69,0.081,1722.0,0.418,0.582,0.14,0.35,0.35,0.05,0.05,0.05,0.15,0.15,0.3,0.35,0.66,3.51,4.95
335,0.94,0.075,1496.0,0.434,0.566,0.01,0.35,0.35,0.05,0.05,0.05,0.15,0.15,0.3,0.35,0.66,,
336,0.98,0.071,1314.0,0.374,0.626,0.05,0.35,0.35,0.05,0.05,0.05,0.15,0.15,0.3,0.35,0.66,,
337,0.74,0.097,1682.0,0.45,0.55,0.12,0.35,0.35,0.05,0.05,0.05,0.15,0.15,0.3,0.35,0.66,3.92,5.36
338,0.72,0.099,1873.0,0.455,0.545,0.14,0.35,0.35,0.05,0.05,0.05,0.15,0.15,0.3,0.35,0.66,3.87,5.39
339,0.67,0.06,1510.0,0.363,0.637,0.05,0.35,0.35,0.05,0.05,0.05,0.15,0.15,0.3,0.35,0.66,2.64,3.82
340,0.7,0.082,1792.0,0.441,0.559,0.01,0.35,0.35,0.05,0.05,0.05,0.15,0.15,0.3,0.35,0.66,3.92,5.49
341,0.7,0.073,1693.0,0.404,0.596,0.12,0.35,0.35,0.05,0.05,0.05,0.15,0.15,0.3,0.35,0.66,3.17,4.47
342,0.8,0.083,1420.0,0.347,0.653,0.06,0.35,0.35,0.05,0.05,0.05,0.15,0.15,0.3,0.35,0.66,1.97,2.66
343,0.71,0.09,1312.0,0.429,0.571,0.14,0.35,0.35,0.05,0.05,0.05,0.15,0.15,0.3,0.35,0.66,3.64,5.05
344,0.85,0.063,1674.0,0.337,0.663,0.11,0.35,0.35,0.05,0.05,0.05,0.15,0.15,0.3,0.35,0.66,1.71,2.21
345,0.69,0.083,1519.0,0.342,0.658,0.07,0.35,0.35,0.05,0.05,0.05,0.15,0.15,0.3,0.35,0.66,2.27,3.23
346,0.84,0.09,1629.0,0.333,0.667,0.08,0.35,0.35,0.05,0.05,0.05,0.15,0.15,0.3,0.35,0.66,1.69,2.22
347,0.66,0.102,1358.0,0.38,0.62,0.02,0.35,0.35,0.05,0.05,0.05,0.15,0.15,0.3,0.35,0.66,2.95,4.27
348,0.69,0.096,1863.0,0.423,0.577,0.13,0.35,0.35,0.05,0.05,0.05,0.15,0.15,0.3,0.35,0.66,3.27,4.72
349,0.82,0.076,1676.0,0.39,0.61,0.14,0.35,0.35,0.05,0.05,0.05,0.15,0.15,0.3,0.35,0.66,2.43,3.25
350,0.76,0.095,1604.0,0.361,0.639,0.14,0.35,0.35,0.05,0.05,0.05,0.15,0.15,0.3,0.35,0.66,2.29,3.12
351,0.86,0.08,1639.0,0.343,0.657,0.13,0.35,0.35,0.05,0.05,0.05,0.15,0.15,0.3,0.35,0.66,1.76,2.23
352,0.81,0.108,1852.0,0.35,0.65,0.06,0.35,0.35,0.05,0.05,0.05,0.15,0.15,0.3,0.35,0.66,1.76,2.39
353,0.84,0.1,1663.0,0.334,0.666,0.11,0.35,0.35,0.05,0.05,0.05,0.15,0.15,0.3,0.35,0.66,1.7,2.23
354,0.77,0.13,1805.0,0.458,0.542,0.13,0.35,0.35,0.05,0.05,0.05,0.15,0.15,0.3,0.35,0.66,3.87,5.24
355,0.96,0.095,1352.0,0.385,0.615,0.12,0.35,0.35,0.05,0.05,0.05,0.15,0.15,0.3,0.35,0.66,,
356,0.82,0.129,1769.0,0.439,0.561,0.07,0.35,0.35,0.05,0.05,0.05,0.15,0.15,0.3,0.35,0.66,3.23,4.27
357,0.74,0.08,1406.0,0.361,0.639,0.13,0.35,0.35,0.05,0.05,0.05,0.15,0.15,0.3,0.35,0.66,2.36,3.25
358,0.98,0.127,1834.0,0.377,0.623,0.05,0.35,0.35,0.05,0.05,0.05,0.15,0.15,0.3,0.35,0.66,,
359,0.81,0.101,1615.0,0.45,0.55,0.06,0.35,0.35,0.05,0.05,0.05,0.15,0.15,0.3,0.35,0.66,3.49,4.64
360,0.71,0.097,1712.0,0.402,0.598,0.03,0.35,0.35,0.05,0.05,0.05,0.15,0.15,0.3,0.35,0.66,3.09,4.34
361,0.77,0.066,1452.0,0.38,0.62,0.03,0.35,0.35,0.05,0.05,0.05,0.15,0.15,0.3,0.35,0.66,2.5,3.4
362,0.82,0.103,1531.0,0.414,0.586,0.13,0.35,0.35,0.05,0.05,0.05,0.15,0.15,0.3,0.35,0.66,2.78,3.7
363,0.86,0.081,1597.0,0.395,0.605,0.0,0.35,0.35,0.05,0.05,0.05,0.15,0.15,0.3,0.35,0.66,2.38,2.97
364,0.95,0.078,1833.0,0.393,0.607,0.03,0.35,0.35,0.05,0.05,0.05,0.15,0.15,0.3,0.35,0.66,,
365,0.96,0.1,1842.0,0.357,0.643,0.01,0.35,0.35,0.05,0.05,0.05,0.15,0.15,0.3,0.35,0.66,,
366,0.7,0.092,1799.0,0.441,0.559,0.09,0.35,0.35,0.05,0.05,0.05,0.15,0.15,0.3,0.35,0.66,3.89,5.48
367,0.78,0.079,1647.0,0.381,0.619,0.1,0.35,0.35,0.05,0.05,0.05,0.15,0.15,0.3,0.35,0.66,2.47,3.35
368,0.81,0.108,1887.0,0.375,0.625,0.04,0.35,0.35,0.05,0.05,0.05,0.15,0.15,0.3,0.35,0.66,1.95,2.64
369,0.83,0.085,1408.0,0.373,0.627,0.0,0.35,0.35,0.05,0.05,0.05,0.15,0.15,0.3,0.35,0.66,2.18,2.89
370,0.91,0.066,1324.0,0.355,0.645,0.01,0.35,0.35,0.05,0.05,0.05,0.15,0.15,0.3,0.35,0.66,1.86,2.0
371,0.72,0.097,1371.0,0.387,0.613,0.02,0.35,0.35,0.05,0.05,0.05,0.15,0.15,0.3,0.35,0.66,2.8,3.91
372,0.74,0.081,1858.0,0.344,0.656,0.08,0.35,0.35,0.05,0.05,0.05,0.15,0.15,0.3,0.35,0.66,1.81,2.62
373,0.8,0.071,1532.0,0.454,0.546,0.05,0.35,0.35,0.05,0.05,0.05,0.15,0.15,0.3,0.35,0.66,3.62,4.85
374,0.66,0.098,1764.0,0.356,0.644,0.06,0.35,0.35,0.05,0.05,0.05,0.15,0.15,0.3,0.35,0.66,2.56,3.73
375,0.72,0.085,1361.0,0.459,0.541,0.06,0.35,0.35,0.05,0.05,0.05,0.15,0.15,0.3,0.35,0.66,4.28,5.88
376,0.98,0.084,1450.0,0.334,0.666,0.12,0.35,0.35,0.05,0.05,0.05,0.15,0.15,0.3,0.35,0.66,,
377,0.88,0.124,1380.0,0.365,0.635,0.01,0.35,0.35,0.05,0.05,0.05,0.15,0.15,0.3,0.35,0.66,1.98,2.36
378,0.71,0.104,1785.0,0.43,0.57,0.01,0.35,0.35,0.05,0.05,0.05,0.15,0.15,0.3,0.35,0.66,3.65,5.07
379,0.98,0.102,1566.0,0.47,0.53,0.14,0.35,0.35,0.05,0.05,0.05,0.15,0.15,0.3,0.35,0.66,,
380,0.7,0.078,1530.0,0.413,0.587,0.11,0.35,0.35,0.05,0.05,0.05,0.15,0.15,0.3,0.35,0.66,3.34,4.7
381,0.67,0.084,1348.0,0.45,0.55,0.13,0.35,0.35,0.05,0.05,0.05,0.15,0.15,0.3,0.35,0.66,4.4,6.18
382,0.67,0.094,1841.0,0.42,0.58,0.08,0.35,0.35,0.05,0.05,0.05,0.15,0.15,0.3,0.35,0.66,3.4,4.95
383,0.68,0.091,1567.0,0.403,0.597,0.03,0.35,0.35,0.05,0.05,0.05,0.15,0.15,0.3,0.35,0.66,3.25,4.64
384,0.93,0.087,1874.0,0.364,0.636,0.03,0.35,0.35,0.05,0.05,0.05,0.15,0.15,0.3,0.35,0.66,1.71,1.99
385,0.83,0.118,1891.0,0.348,0.652,0.06,0.35,0.35,0.05,0.05,0.05,0.15,0.15,0.3,0.35,0.66,1.58,2.12
386,0.7,0.074,1585.0,0.405,0.595,0.1,0.35,0.35,0.05,0.05,0.05,0.15,0.15,0.3,0.35,0.66,3.2,4.49
387,0.67,0.106,1349.0,0.337,0.663,0.14,0.35,0.35,0.05,0.05,0.05,0.15,0.15,0.3,0.35,0.66,2.25,3.26
388,0.69,0.114,1894.0,0.35,0.65,0.13,0.35,0.35,0.05,0.05,0.05,0.15,0.15,0.3,0.35,0.66,1.85,2.78
389,0.66,0.104,1504.0,0.458,0.542,0.1,0.35,0.35,0.05,0.05,0.05,0.15,0.15,0.3,0.35,0.66,4.7,6.61
390,0.81,0.079,1688.0,0.447,0.553,0.01,0.35,0.35,0.05,0.05,0.05,0.15,0.15,0.3,0.35,0.66,3.43,4.58
391,0.87,0.121,1336.0,0.355,0.645,0.05,0.35,0.35,0.05,0.05,0.05,0.15,0.15,0.3,0.35,0.66,1.87,2.31
392,0.97,0.084,1437.0,0.375,0.625,0.12,0.35,0.35,0.05,0.05,0.05,0.15,0.15,0.3,0.35,0.66,,
393,0.79,0.076,1526.0,0.357,0.643,0.15,0.35,0.35,0.05,0.05,0.05,0.15,0.15,0.3,0.35,0.66,2.12,2.87
394,0.99,0.095,1510.0,0.409,0.591,0.05,0.35,0.35,0.05,0.05,0.05,0.15,0.15,0.3,0.35,0.66,,
395,0.7,0.095,1344.0,0.382,0.618,0.14,0.35,0.35,0.05,0.05,0.05,0.15,0.15,0.3,0.35,0.66,2.81,3.97
396,0.78,0.082,1344.0,0.379,0.621,0.09,0.35,0.35,0.05,0.05,0.05,0.15,0.15,0.3,0.35,0.66,2.44,3.31
397,0.66,0.079,1649.0,0.433,0.567,0.12,0.35,0.35,0.05,0.05,0.05,0.15,0.15,0.3,0.35,0.66,4.01,5.71
398,0.98,0.074,1471.0,0.356,0.644,0.13,0.35,0.35,0.05,0.05,0.05,0.15,0.15,0.3,0.35,0.66,,
399,0.96,0.074,1775.0,0.367,0.633,0.11,0.35,0.35,0.05,0.05,0.05,0.15,0.15,0.3,0.35,0.66,,
400,0.92,0.099,1543.0,0.378,0.622,0.1,0.35,0.35,0.05,0.05,0.05,0.15,0.15,0.3,0.35,0.66,2.13,2.24
401,0.81,0.087,1463.0,0.382,0.618,0.03,0.35,0.35,0.05,0.05,0.05,0.15,0.15,0.3,0.35,0.66,2.36,3.17
402,0.81,0.089,1599.0,0.366,0.634,0.15,0.35,0.35,0.05,0.05,0.05,0.15,0.15,0.3,0.35,0.66,2.15,2.9
403,0.69,0.074,1869.0,0.372,0.628,0.14,0.35,0.35,0.05,0.05,0.05,0.15,0.15,0.3,0.35,0.66,2.29,3.4
404,0.8,0.096,1757.0,0.41,0.59,0.01,0.35,0.35,0.05,0.05,0.05,0.15,0.15,0.3,0.35,0.66,2.81,3.79
405,0.81,0.085,1682.0,0.421,0.579,0.02,0.35,0.35,0.05,0.05,0.05,0.15,0.15,0.3,0.35,0.66,2.94,3.94
406,0.8,0.069,1633.0,0.403,0.597,0.13,0.35,0.35,0.05,0.05,0.05,0.15,0.15,0.3,0.35,0.66,2.69,3.64
407,0.96,0.086,1636.0,0.465,0.535,0.13,0.35,0.35,0.05,0.05,0.05,0.15,0.15,0.3,0.35,0.66,,
408,0.77,0.092,1331.0,0.359,0.641,0.14,0.35,0.35,0.05,0.05,0.05,0.15,0.15,0.3,0.35,0.66,2.22,3.02
409,0.79,0.082,1723.0,0.424,0.576,0.14,0.35,0.35,0.05,0.05,0.05,0.15,0.15,0.3,0.35,0.66,3.09,4.18
410,0.89,0.059,1316.0,0.378,0.622,0.11,0.35,0.35,0.05,0.05,0.05,0.15,0.15,0.3,0.35,0.66,2.12,2.44
411,0.82,0.085,1370.0,0.462,0.538,0.05,0.35,0.35,0.05,0.05,0.05,0.15,0.15,0.3,0.35,0.66,3.68,4.84
412,0.96,0.097,1544.0,0.346,0.654,0.02,0.35,0.35,0.05,0.05,0.05,0.15,0.15,0.3,0.35,0.66,,
413,0.97,0.075,1501.0,0.394,0.606,0.15,0.35,0.35,0.05,0.05,0.05,0.15,0.15,0.3,0.35,0.66,,
414,0.93,0.112,1601.0,0.452,0.548,0.1,0.35,0.35,0.05,0.05,0.05,0.15,0.15,0.3,0.35,0.66,3.18,3.36
415,0.95,0.079,1705.0,0.362,0.638,0.1,0.35,0.35,0.05,0.05,0.05,0.15,0.15,0.3,0.35,0.66,,
416,0.77,0.101,1744.0,0.396,0.604,0.08,0.35,0.35,0.05,0.05,0.05,0.15,0.15,0.3,0.35,0.66,2.73,3.72
417,0.69,0.096,1584.0,0.395,0.605,0.04,0.35,0.35,0.05,0.05,0.05,0.15,0.15,0.3,0.35,0.66,3.07,4.34
418,0.72,0.086,1481.0,0.44,0.56,0.1,0.35,0.35,0.05,0.05,0.05,0.15,0.15,0.3,0.35,0.66,3.82,5.26
419,0.94,0.068,1478.0,0.404,0.596,0.13,0.35,0.35,0.05,0.05,0.05,0.15,0.15,0.3,0.35,0.66,,
420,0.7,0.073,1517.0,0.414,0.586,0.01,0.35,0.35,0.05,0.05,0.05,0.15,0.15,0.3,0.35,0.66,3.36,4.72
421,0.69,0.113,1579.0,0.444,0.556,0.1,0.35,0.35,0.05,0.05,0.05,0.15,0.15,0.3,0.35,0.66,4.08,5.72
422,0.96,0.084,1625.0,0.353,0.647,0.02,0.35,0.35,0.05,0.05,0.05,0.15,0.15,0.3,0.35,0.66,,
423,0.91,0.101,1369.0,0.376,0.624,0.1,0.35,0.35,0.05,0.05,0.05,0.15,0.15,0.3,0.35,0.66,2.1,2.27
424,0.72,0.096,1367.0,0.414,0.586,0.08,0.35,0.35,0.05,0.05,0.05,0.15,0.15,0.3,0.35,0.66,3.26,4.53
425,0.77,0.107,1434.0,0.343,0.657,0.13,0.35,0.35,0.05,0.05,0.05,0.15,0.15,0.3,0.35,0.66,2.02,2.75
426,0.75,0.098,1662.0,0.462,0.538,0.13,0.35,0.35,0.05,0.05,0.05,0.15,0.15,0.3,0.35,0.66,4.14,5.63
427,0.68,0.067,1871.0,0.463,0.537,0.09,0.35,0.35,0.05,0.05,0.05,0.15,0.15,0.3,0.35,0.66,4.34,6.12
428,0.95,0.068,1821.0,0.418,0.582,0.08,0.35,0.35,0.05,0.05,0.05,0.15,0.15,0.3,0.35,0.66,,
429,0.74,0.092,1708.0,0.346,0.654,0.1,0.35,0.35,0.05,0.05,0.05,0.15,0.15,0.3,0.35,0.66,2.16,2.98
430,0.9,0.072,1685.0,0.403,0.597,0.14,0.35,0.35,0.05,0.05,0.05,0.15,0.15,0.3,0.35,0.66,2.44,2.71
431,0.78,0.108,1787.0,0.354,0.646,0.04,0.35,0.35,0.05,0.05,0.05,0.15,0.15,0.3,0.35,0.66,2.12,2.88
432,0.86,0.069,1590.0,0.44,0.56,0.09,0.35,0.35,0.05,0.05,0.05,0.15,0.15,0.3,0.35,0.66,3.08,3.82
433,0.81,0.113,1475.0,0.344,0.656,0.1,0.35,0.35,0.05,0.05,0.05,0.15,0.15,0.3,0.35,0.66,1.89,2.55
434,0.86,0.083,1490.0,0.353,0.647,0.11,0.35,0.35,0.05,0.05,0.05,0.15,0.15,0.3,0.35,0.66,1.87,2.38
435,0.67,0.092,1601.0,0.397,0.603,0.02,0.35,0.35,0.05,0.05,0.05,0.15,0.15,0.3,0.35,0.66,3.2,4.59
436,0.79,0.107,1826.0,0.41,0.59,0.0,0.35,0.35,0.05,0.05,0.05,0.15,0.15,0.3,0.35,0.66,2.73,3.72
437,0.89,0.1,1754.0,0.354,0.646,0.1,0.35,0.35,0.05,0.05,0.05,0.15,0.15,0.3,0.35,0.66,1.85,2.15
438,0.68,0.098,1750.0,0.379,0.621,0.01,0.35,0.35,0.05,0.05,0.05,0.15,0.15,0.3,0.35,0.66,2.84,4.07
439,0.81,0.082,1458.0,0.36,0.64,0.05,0.35,0.35,0.05,0.05,0.05,0.15,0.15,0.3,0.35,0.66,2.09,2.81
440,0.9,0.138,1625.0,0.344,0.656,0.07,0.35,0.35,0.05,0.05,0.05,0.15,0.15,0.3,0.35,0.66,1.73,1.94
441,0.83,0.113,1646.0,0.464,0.536,0.07,0.35,0.35,0.05,0.05,0.05,0.15,0.15,0.3,0.35,0.66,3.66,4.77
442,0.73,0.05,1710.0,0.34,0.66,0.12,0.35,0.35,0.05,0.05,0.05,0.15,0.15,0.3,0.35,0.66,2.1,2.92
443,0.8,0.117,1835.0,0.371,0.629,0.12,0.35,0.35,0.05,0.05,0.05,0.15,0.15,0.3,0.35,0.66,2.1,2.85
444,0.77,0.111,1497.0,0.369,0.631,0.08,0.35,0.35,0.05,0.05,0.05,0.15,0.15,0.3,0.35,0.66,2.35,3.2
445,0.72,0.098,1529.0,0.453,0.547,0.04,0.35,0.35,0.05,0.05,0.05,0.15,0.15,0.3,0.35,0.66,4.12,5.66
446,0.68,0.096,1392.0,0.415,0.585,0.15,0.35,0.35,0.05,0.05,0.05,0.15,0.15,0.3,0.35,0.66,3.5,4.96
447,0.67,0.09,1887.0,0.345,0.655,0.08,0.35,0.35,0.05,0.05,0.05,0.15,0.15,0.3,0.35,0.66,1.85,2.82
448,0.91,0.115,1363.0,0.365,0.635,0.08,0.35,0.35,0.05,0.05,0.05,0.15,0.15,0.3,0.35,0.66,1.97,2.12
449,0.9,0.069,1513.0,0.407,0.593,0.09,0.35,0.35,0.05,0.05,0.05,0.15,0.15,0.3,0.35,0.66,2.51,2.78
450,0.85,0.109,1648.0,0.429,0.571,0.03,0.35,0.35,0.05,0.05,0.05,0.15,0.15,0.3,0.35,0.66,2.93,3.7
451,0.81,0.093,1645.0,0.349,0.651,0.02,0.35,0.35,0.05,0.05,0.05,0.15,0.15,0.3,0.35,0.66,1.97,2.64
452,0.69,0.076,1375.0,0.361,0.639,0.14,0.35,0.35,0.05,0.05,0.05,0.15,0.15,0.3,0.35,0.66,2.53,3.62
453,0.72,0.093,1616.0,0.401,0.599,0.07,0.35,0.35,0.05,0.05,0.05,0.15,0.15,0.3,0.35,0.66,3.03,4.23
454,0.66,0.071,1791.0,0.366,0.634,0.11,0.35,0.35,0.05,0.05,0.05,0.15,0.15,0.3,0.35,0.66,2.67,3.91
455,0.91,0.07,1399.0,0.454,0.546,0.0,0.35,0.35,0.05,0.05,0.05,0.15,0.15,0.3,0.35,0.66,3.24,3.54
456,0.98,0.093,1552.0,0.461,0.539,0.0,0.35,0.35,0.05,0.05,0.05,0.15,0.15,0.3,0.35,0.66,,
457,0.76,0.098,1368.0,0.397,0.603,0.1,0.35,0.35,0.05,0.05,0.05,0.15,0.15,0.3,0.35,0.66,2.8,3.82
458,0.71,0.082,1420.0,0.389,0.611,0.05,0.35,0.35,0.05,0.05,0.05,0.15,0.15,0.3,0.35,0.66,2.88,4.04
459,0.66,0.092,1328.0,0.339,0.661,0.14,0.35,0.35,0.05,0.05,0.05,0.15,0.15,0.3,0.35,0.66,2.32,3.37
460,0.7,0.117,1540.0,0.367,0.633,0.09,0.35,0.35,0.05,0.05,0.05,0.15,0.15,0.3,0.35,0.66,2.58,3.65
461,0.81,0.109,1459.0,0.432,0.568,0.1,0.35,0.35,0.05,0.05,0.05,0.15,0.15,0.3,0.35,0.66,3.13,4.19
462,0.9,0.061,1356.0,0.364,0.636,0.0,0.35,0.35,0.05,0.05,0.05,0.15,0.15,0.3,0.35,0.66,1.96,2.19
463,0.81,0.085,1495.0,0.433,0.567,0.02,0.35,0.35,0.05,0.05,0.05,0.15,0.15,0.3,0.35,0.66,3.15,4.21
464,0.87,0.088,1435.0,0.386,0.614,0.07,0.35,0.35,0.05,0.05,0.05,0.15,0.15,0.3,0.35,0.66,2.25,2.74
465,0.75,0.078,1502.0,0.41,0.59,0.09,0.35,0.35,0.05,0.05,0.05,0.15,0.15,0.3,0.35,0.66,3.06,4.18
466,0.94,0.107,1740.0,0.334,0.666,0.03,0.35,0.35,0.05,0.05,0.05,0.15,0.15,0.3,0.35,0.66,,
467,0.69,0.122,1882.0,0.456,0.544,0.09,0.35,0.35,0.05,0.05,0.05,0.15,0.15,0.3,0.35,0.66,4.07,5.71
468,0.97,0.102,1802.0,0.448,0.552,0.07,0.35,0.35,0.05,0.05,0.05,0.15,0.15,0.3,0.35,0.66,,
469,0.65,0.096,1825.0,0.451,0.549,0.08,0.35,0.35,0.05,0.05,0.05,0.15,0.15,0.3,0.35,0.66,4.37,6.3
470,0.85,0.105,1659.0,0.457,0.543,0.08,0.35,0.35,0.05,0.05,0.05,0.15,0.15,0.3,0.35,0.66,3.45,4.34
471,0.74,0.089,1635.0,0.406,0.594,0.05,0.35,0.35,0.05,0.05,0.05,0.15,0.15,0.3,0.35,0.66,3.04,4.17
472,0.94,0.123,1763.0,0.446,0.554,0.02,0.35,0.35,0.05,0.05,0.05,0.15,0.15,0.3,0.35,0.66,,
473,0.91,0.094,1700.0,0.351,0.649,0.01,0.35,0.35,0.05,0.05,0.05,0.15,0.15,0.3,0.35,0.66,1.82,1.97
474,0.9,0.098,1869.0,0.416,0.584,0.04,0.35,0.35,0.05,0.05,0.05,0.15,0.15,0.3,0.35,0.66,2.38,2.9
475,0.7,0.08,1573.0,0.388,0.612,0.11,0.35,0.35,0.05,0.05,0.05,0.15,0.15,0.3,0.35,0.66,2.91,4.1
476,0.69,0.099,1785.0,0.457,0.543,0.08,0.35,0.35,0.05,0.05,0.05,0.15,0.15,0.3,0.35,0.66,4.46,6.19
477,0.95,0.091,1523.0,0.453,0.547,0.01,0.35,0.35,0.05,0.05,0.05,0.15,0.15,0.3,0.35,0.66,,
478,0.69,0.12,1881.0,0.46,0.54,0.09,0.35,0.35,0.05,0.05,0.05,0.15,0.15,0.3,0.35,0.66,4.16,5.84
479,0.93,0.109,1343.0,0.412,0.588,0.12,0.35,0.35,0.05,0.05,0.05,0.15,0.15,0.3,0.35,0.66,2.57,2.68
480,0.85,0.061,1608.0,0.345,0.655,0.1,0.35,0.35,0.05,0.05,0.05,0.15,0.15,0.3,0.35,0.66,1.8,2.33
481,0.73,0.112,1525.0,0.367,0.633,0.15,0.35,0.35,0.05,0.05,0.05,0.15,0.15,0.3,0.35,0.66,2.46,3.42
482,0.66,0.063,1512.0,0.422,0.578,0.07,0.35,0.35,0.05,0.05,0.05,0.15,0.15,0.3,0.35,0.66,3.75,5.37
483,0.79,0.067,1428.0,0.415,0.585,0.14,0.35,0.35,0.05,0.05,0.05,0.15,0.15,0.3,0.35,0.66,2.94,3.98
484,0.92,0.074,1311.0,0.375,0.625,0.04,0.35,0.35,0.05,0.05,0.05,0.15,0.15,0.3,0.35,0.66,2.09,2.19
485,0.95,0.102,1417.0,0.439,0.561,0.09,0.35,0.35,0.05,0.05,0.05,0.15,0.15,0.3,0.35,0.66,,
486,0.92,0.062,1845.0,0.383,0.617,0.12,0.35,0.35,0.05,0.05,0.05,0.15,0.15,0.3,0.35,0.66,2.01,2.31
487,0.78,0.085,1506.0,0.352,0.648,0.13,0.35,0.35,0.05,0.05,0.05,0.15,0.15,0.3,0.35,0.66,2.1,2.86
488,0.69,0.095,1735.0,0.4,0.6,0.15,0.35,0.35,0.05,0.05,0.05,0.15,0.15,0.3,0.35,0.66,3.15,4.47
489,0.73,0.092,1461.0,0.43,0.57,0.14,0.35,0.35,0.05,0.05,0.05,0.15,0.15,0.3,0.35,0.66,3.54,4.87
490,0.85,0.08,1556.0,0.389,0.611,0.14,0.35,0.35,0.05,0.05,0.05,0.15,0.15,0.3,0.35,0.66,2.33,2.98
491,0.84,0.104,1627.0,0.408,0.592,0.11,0.35,0.35,0.05,0.05,0.05,0.15,0.15,0.3,0.35,0.66,2.63,3.41
492,0.98,0.111,1453.0,0.455,0.545,0.12,0.35,0.35,0.05,0.05,0.05,0.15,0.15,0.3,0.35,0.66,,
493,0.8,0.081,1719.0,0.469,0.531,0.06,0.35,0.35,0.05,0.05,0.05,0.15,0.15,0.3,0.35,0.66,3.97,5.29
494,0.71,0.069,1333.0,0.402,0.598,0.12,0.35,0.35,0.05,0.05,0.05,0.15,0.15,0.3,0.35,0.66,3.09,4.34
495,0.86,0.1,1736.0,0.379,0.621,0.11,0.35,0.35,0.05,0.05,0.05,0.15,0.15,0.3,0.35,0.66,2.17,2.73
496,0.71,0.103,1839.0,0.431,0.569,0.13,0.35,0.35,0.05,0.05,0.05,0.15,0.15,0.3,0.35,0.66,3.44,4.9
497,0.9,0.053,1438.0,0.426,0.574,0.13,0.35,0.35,0.05,0.05,0.05,0.15,0.15,0.3,0.35,0.66,2.8,3.1
498,0.86,0.079,1385.0,0.349,0.651,0.14,0.35,0.35,0.05,0.05,0.05,0.15,0.15,0.3,0.35,0.66,1.83,2.32
499,0.84,0.062,1374.0,0.348,0.652,0.06,0.35,0.35,0.05,0.05,0.05,0.15,0.15,0.3,0.35,0.66,1.86,2.45
500,0.9,0.089,1341.0,0.406,0.594,0.04,0.35,0.35,0.05,0.05,0.05,0.15,0.15,0.3,0.35,0.66,2.5,2.77
